INSERT INTO principal.persona(
                                per_codigo, per_nombre, per_primerapellido,
                                per_segundoapellido, per_personacreo, per_personamodifico,
                                per_fechacreo, per_fechamodifico, per_genero,
                                per_tipoidentificacion, per_identificacion,
                                per_estado,  per_fechanacimiento)
                            VALUES (2, 'LUIS GABRIEL', 'PARDO',
                                   'VILLARREAL', 1, 1,
                                    NOW(), NOW(), '1',
                                    6, '1077243194',
                                    '1',  '2015-09-10');

INSERT INTO principal.datos_basicos( dba_codigo, dba_persona, dba_correo, dba_estado, dba_fechacreo, dba_fechamodifico, dba_personacreo, dba_personamodifico) VALUES (4, 2, 'luis.pardo@abc.edu.co', 1, NOW(), NOW(), 1, 1);

INSERT INTO principal.persona_tipopersona( ptp_codigo, ptp_tipopersona, ptp_persona, ptp_estado, ptp_fechacreo, ptp_fechamodifico, ptp_personacreo, ptp_personamodifico) VALUES (6, 5, 2, 1, NOW(), NOW(), 1, 1);

INSERT INTO principal.usepersona( use_codigo, per_codigo, use_pswd, use_estado, use_fechacreo, use_alias) VALUES (8, 2, '', '1', NOW(), '1077243194');

INSERT INTO principal.estado_ninio( eni_codigo, eni_ninio, eni_estado, eni_fechacreo, eni_fechamodifico, eni_personacreo, eni_personamodifico) VALUES (10, 2, 2, NOW(), NOW(), 1, 1);

INSERT INTO principal.persona( per_codigo, per_nombre, per_primerapellido, per_segundoapellido, per_personacreo, per_personamodifico, per_fechacreo, per_fechamodifico, per_genero, per_tipoidentificacion, per_identificacion, per_estado, per_fechanacimiento) VALUES (3, 'SEBASTIAN', 'PARDO', 'VILLAREAL', 1, 1, NOW(), NOW(), '1', 6, '1076507943', '1', '2010-08-18');

INSERT INTO principal.datos_basicos( dba_codigo, dba_persona, dba_correo, dba_estado, dba_fechacreo, dba_fechamodifico, dba_personacreo, dba_personamodifico) VALUES (6, 3, 'sebastian.pardo@abc.edu.co', 1, NOW(), NOW(), 1, 1);

INSERT INTO principal.persona_tipopersona( ptp_codigo, ptp_tipopersona, ptp_persona, ptp_estado, ptp_fechacreo, ptp_fechamodifico, ptp_personacreo, ptp_personamodifico) VALUES (9, 5, 3, 1, NOW(), NOW(), 1, 1);

INSERT INTO principal.usepersona( use_codigo, per_codigo, use_pswd, use_estado, use_fechacreo, use_alias) VALUES (12, 3, '', '1', NOW(), '1076507943');

INSERT INTO principal.estado_ninio( eni_codigo, eni_ninio, eni_estado, eni_fechacreo, eni_fechamodifico, eni_personacreo, eni_personamodifico) VALUES (15, 3, 2, NOW(), NOW(), 1, 1);

INSERT INTO principal.persona( per_codigo, per_nombre, per_primerapellido, per_segundoapellido, per_personacreo, per_personamodifico, per_fechacreo, per_fechamodifico, per_genero, per_tipoidentificacion, per_identificacion, per_estado, per_fechanacimiento) VALUES (4, 'MARIANA', 'KANAYET', 'MARQUIN', 1, 1, NOW(), NOW(), '2', 6, '1077237093', '1', '2012-06-26');

INSERT INTO principal.datos_basicos( dba_codigo, dba_persona, dba_correo, dba_estado, dba_fechacreo, dba_fechamodifico, dba_personacreo, dba_personamodifico) VALUES (8, 4, 'mariana.kanayet@abc.edu.co', 1, NOW(), NOW(), 1, 1);

INSERT INTO principal.persona_tipopersona( ptp_codigo, ptp_tipopersona, ptp_persona, ptp_estado, ptp_fechacreo, ptp_fechamodifico, ptp_personacreo, ptp_personamodifico) VALUES (12, 5, 4, 1, NOW(), NOW(), 1, 1);

INSERT INTO principal.usepersona( use_codigo, per_codigo, use_pswd, use_estado, use_fechacreo, use_alias) VALUES (16, 4, '', '1', NOW(), '1077237093');

INSERT INTO principal.estado_ninio( eni_codigo, eni_ninio, eni_estado, eni_fechacreo, eni_fechamodifico, eni_personacreo, eni_personamodifico) VALUES (20, 4, 2, NOW(), NOW(), 1, 1);

INSERT INTO principal.persona( per_codigo, per_nombre, per_primerapellido, per_segundoapellido, per_personacreo, per_personamodifico, per_fechacreo, per_fechamodifico, per_genero, per_tipoidentificacion, per_identificacion, per_estado, per_fechanacimiento) VALUES (5, 'SARAH SOFIA ', 'TORRALBO', 'YANCE', 1, 1, NOW(), NOW(), '2', 6, '1044431339', '1', '2013-12-01');

INSERT INTO principal.datos_basicos( dba_codigo, dba_persona, dba_correo, dba_estado, dba_fechacreo, dba_fechamodifico, dba_personacreo, dba_personamodifico) VALUES (10, 5, 'sarah.torralbo@abc.edu.co', 1, NOW(), NOW(), 1, 1);

INSERT INTO principal.persona_tipopersona( ptp_codigo, ptp_tipopersona, ptp_persona, ptp_estado, ptp_fechacreo, ptp_fechamodifico, ptp_personacreo, ptp_personamodifico) VALUES (15, 5, 5, 1, NOW(), NOW(), 1, 1);

INSERT INTO principal.usepersona( use_codigo, per_codigo, use_pswd, use_estado, use_fechacreo, use_alias) VALUES (20, 5, '', '1', NOW(), '1044431339');

INSERT INTO principal.estado_ninio( eni_codigo, eni_ninio, eni_estado, eni_fechacreo, eni_fechamodifico, eni_personacreo, eni_personamodifico) VALUES (25, 5, 2, NOW(), NOW(), 1, 1);

INSERT INTO principal.persona( per_codigo, per_nombre, per_primerapellido, per_segundoapellido, per_personacreo, per_personamodifico, per_fechacreo, per_fechamodifico, per_genero, per_tipoidentificacion, per_identificacion, per_estado, per_fechanacimiento) VALUES (6, 'LUCIANA', 'COVALEDA', 'JARA', 1, 1, NOW(), NOW(), '2', 6, '1075804601', '1', '2015-07-21');

INSERT INTO principal.datos_basicos( dba_codigo, dba_persona, dba_correo, dba_estado, dba_fechacreo, dba_fechamodifico, dba_personacreo, dba_personamodifico) VALUES (12, 6, 'luisa.covaleda@abc.edu.co', 1, NOW(), NOW(), 1, 1);

INSERT INTO principal.persona_tipopersona( ptp_codigo, ptp_tipopersona, ptp_persona, ptp_estado, ptp_fechacreo, ptp_fechamodifico, ptp_personacreo, ptp_personamodifico) VALUES (18, 5, 6, 1, NOW(), NOW(), 1, 1);

INSERT INTO principal.usepersona( use_codigo, per_codigo, use_pswd, use_estado, use_fechacreo, use_alias) VALUES (24, 6, '', '1', NOW(), '1075804601');

INSERT INTO principal.estado_ninio( eni_codigo, eni_ninio, eni_estado, eni_fechacreo, eni_fechamodifico, eni_personacreo, eni_personamodifico) VALUES (30, 6, 2, NOW(), NOW(), 1, 1);

INSERT INTO principal.persona( per_codigo, per_nombre, per_primerapellido, per_segundoapellido, per_personacreo, per_personamodifico, per_fechacreo, per_fechamodifico, per_genero, per_tipoidentificacion, per_identificacion, per_estado, per_fechanacimiento) VALUES (7, 'MIA VALENTINA ', 'BAUTISTA ', 'PULECIO', 1, 1, NOW(), NOW(), '2', 6, '1029888703', '1', '2013-06-19');

INSERT INTO principal.datos_basicos( dba_codigo, dba_persona, dba_correo, dba_estado, dba_fechacreo, dba_fechamodifico, dba_personacreo, dba_personamodifico) VALUES (14, 7, 'mia.bautista@abc.edu.co', 1, NOW(), NOW(), 1, 1);

INSERT INTO principal.persona_tipopersona( ptp_codigo, ptp_tipopersona, ptp_persona, ptp_estado, ptp_fechacreo, ptp_fechamodifico, ptp_personacreo, ptp_personamodifico) VALUES (21, 5, 7, 1, NOW(), NOW(), 1, 1);

INSERT INTO principal.usepersona( use_codigo, per_codigo, use_pswd, use_estado, use_fechacreo, use_alias) VALUES (28, 7, '', '1', NOW(), '1029888703');

INSERT INTO principal.estado_ninio( eni_codigo, eni_ninio, eni_estado, eni_fechacreo, eni_fechamodifico, eni_personacreo, eni_personamodifico) VALUES (35, 7, 2, NOW(), NOW(), 1, 1);

INSERT INTO principal.persona( per_codigo, per_nombre, per_primerapellido, per_segundoapellido, per_personacreo, per_personamodifico, per_fechacreo, per_fechamodifico, per_genero, per_tipoidentificacion, per_identificacion, per_estado, per_fechanacimiento) VALUES (8, 'SARA SOFIA ', 'HERRERA', 'CASALLAS ', 1, 1, NOW(), NOW(), '2', 6, '1076511980', '1', '1900-01-14');

INSERT INTO principal.datos_basicos( dba_codigo, dba_persona, dba_correo, dba_estado, dba_fechacreo, dba_fechamodifico, dba_personacreo, dba_personamodifico) VALUES (16, 8, 'sara.herrera@abc.edu.co', 1, NOW(), NOW(), 1, 1);

INSERT INTO principal.persona_tipopersona( ptp_codigo, ptp_tipopersona, ptp_persona, ptp_estado, ptp_fechacreo, ptp_fechamodifico, ptp_personacreo, ptp_personamodifico) VALUES (24, 5, 8, 1, NOW(), NOW(), 1, 1);

INSERT INTO principal.usepersona( use_codigo, per_codigo, use_pswd, use_estado, use_fechacreo, use_alias) VALUES (32, 8, '', '1', NOW(), '1076511980');

INSERT INTO principal.estado_ninio( eni_codigo, eni_ninio, eni_estado, eni_fechacreo, eni_fechamodifico, eni_personacreo, eni_personamodifico) VALUES (40, 8, 2, NOW(), NOW(), 1, 1);

INSERT INTO principal.persona( per_codigo, per_nombre, per_primerapellido, per_segundoapellido, per_personacreo, per_personamodifico, per_fechacreo, per_fechamodifico, per_genero, per_tipoidentificacion, per_identificacion, per_estado, per_fechanacimiento) VALUES (9, 'LUCIANA', 'BARRERO', 'CERQUERA', 1, 1, NOW(), NOW(), '2', 6, '1076914902', '1', '2013-09-19');

INSERT INTO principal.datos_basicos( dba_codigo, dba_persona, dba_correo, dba_estado, dba_fechacreo, dba_fechamodifico, dba_personacreo, dba_personamodifico) VALUES (18, 9, 'luciana.barrero@abc.edu.co', 1, NOW(), NOW(), 1, 1);

INSERT INTO principal.persona_tipopersona( ptp_codigo, ptp_tipopersona, ptp_persona, ptp_estado, ptp_fechacreo, ptp_fechamodifico, ptp_personacreo, ptp_personamodifico) VALUES (27, 5, 9, 1, NOW(), NOW(), 1, 1);

INSERT INTO principal.usepersona( use_codigo, per_codigo, use_pswd, use_estado, use_fechacreo, use_alias) VALUES (36, 9, '', '1', NOW(), '1076914902');

INSERT INTO principal.estado_ninio( eni_codigo, eni_ninio, eni_estado, eni_fechacreo, eni_fechamodifico, eni_personacreo, eni_personamodifico) VALUES (45, 9, 2, NOW(), NOW(), 1, 1);

INSERT INTO principal.persona( per_codigo, per_nombre, per_primerapellido, per_segundoapellido, per_personacreo, per_personamodifico, per_fechacreo, per_fechamodifico, per_genero, per_tipoidentificacion, per_identificacion, per_estado, per_fechanacimiento) VALUES (10, 'NOAH ', 'ALBORNOZ', 'AQUITE', 1, 1, NOW(), NOW(), '1', 6, '1077240694', '1', '2014-06-19');

INSERT INTO principal.datos_basicos( dba_codigo, dba_persona, dba_correo, dba_estado, dba_fechacreo, dba_fechamodifico, dba_personacreo, dba_personamodifico) VALUES (20, 10, 'noah.albornoz@abc.edu.co', 1, NOW(), NOW(), 1, 1);

INSERT INTO principal.persona_tipopersona( ptp_codigo, ptp_tipopersona, ptp_persona, ptp_estado, ptp_fechacreo, ptp_fechamodifico, ptp_personacreo, ptp_personamodifico) VALUES (30, 5, 10, 1, NOW(), NOW(), 1, 1);

INSERT INTO principal.usepersona( use_codigo, per_codigo, use_pswd, use_estado, use_fechacreo, use_alias) VALUES (40, 10, '', '1', NOW(), '1077240694');

INSERT INTO principal.estado_ninio( eni_codigo, eni_ninio, eni_estado, eni_fechacreo, eni_fechamodifico, eni_personacreo, eni_personamodifico) VALUES (50, 10, 2, NOW(), NOW(), 1, 1);

INSERT INTO principal.persona( per_codigo, per_nombre, per_primerapellido, per_segundoapellido, per_personacreo, per_personamodifico, per_fechacreo, per_fechamodifico, per_genero, per_tipoidentificacion, per_identificacion, per_estado, per_fechanacimiento) VALUES (11, 'JUAN JOSÉ ', 'ORTIZ', 'SALAZAR', 1, 1, NOW(), NOW(), '1', 6, '1029887805', '1', '2012-09-12');

INSERT INTO principal.datos_basicos( dba_codigo, dba_persona, dba_correo, dba_estado, dba_fechacreo, dba_fechamodifico, dba_personacreo, dba_personamodifico) VALUES (22, 11, 'juan.ortiz@abc.edu.co', 1, NOW(), NOW(), 1, 1);

INSERT INTO principal.persona_tipopersona( ptp_codigo, ptp_tipopersona, ptp_persona, ptp_estado, ptp_fechacreo, ptp_fechamodifico, ptp_personacreo, ptp_personamodifico) VALUES (33, 5, 11, 1, NOW(), NOW(), 1, 1);

INSERT INTO principal.usepersona( use_codigo, per_codigo, use_pswd, use_estado, use_fechacreo, use_alias) VALUES (44, 11, '', '1', NOW(), '1029887805');

INSERT INTO principal.estado_ninio( eni_codigo, eni_ninio, eni_estado, eni_fechacreo, eni_fechamodifico, eni_personacreo, eni_personamodifico) VALUES (55, 11, 2, NOW(), NOW(), 1, 1);

