INSERT INTO principal.persona(
                                per_codigo, per_nombre, per_primerapellido,
                                per_segundoapellido, per_personacreo, per_personamodifico,
                                per_fechacreo, per_fechamodifico, per_genero,
                                per_tipoidentificacion, per_identificacion,
                                per_estado,  per_fechanacimiento)
                            VALUES (34, 'MHIA', 'POLANIA',
                                   'TRIVIÑO', 1, 1,
                                    NOW(), NOW(), '2',
                                    6, '1076512772',
                                    '1',  '2015-07-23');
                                    
INSERT INTO principal.datos_basicos( dba_codigo, dba_persona, dba_correo, dba_estado, dba_fechacreo, dba_fechamodifico, dba_personacreo, dba_personamodifico) VALUES (68, 34, 'mhia.polania@abc.edu.co', 1, NOW(), NOW(), 1, 1);

INSERT INTO principal.persona_tipopersona( ptp_codigo, ptp_tipopersona, ptp_persona, ptp_estado, ptp_fechacreo, ptp_fechamodifico, ptp_personacreo, ptp_personamodifico) VALUES (102, 5, 34, 1, NOW(), NOW(), 1, 1);

INSERT INTO principal.usepersona( use_codigo, per_codigo, use_pswd, use_estado, use_fechacreo, use_alias) VALUES (136, 34, '', '1', NOW(), '1076512772');

INSERT INTO principal.estado_ninio( eni_codigo, eni_ninio, eni_estado, eni_fechacreo, eni_fechamodifico, eni_personacreo, eni_personamodifico) VALUES (170, 34, 2, NOW(), NOW(), 1, 1);

INSERT INTO principal.persona( per_codigo, per_nombre, per_primerapellido, per_segundoapellido, per_personacreo, per_personamodifico, per_fechacreo, per_fechamodifico, per_genero, per_tipoidentificacion, per_identificacion, per_estado, per_fechanacimiento) VALUES (35, 'JORGE ANDRES', 'ORTIZ', 'PEREZ', 1, 1, NOW(), NOW(), '1', 6, '1077731774', '1', '2010-09-13');

INSERT INTO principal.datos_basicos( dba_codigo, dba_persona, dba_correo, dba_estado, dba_fechacreo, dba_fechamodifico, dba_personacreo, dba_personamodifico) VALUES (70, 35, 'jorge.ortiz@abc.edu.co', 1, NOW(), NOW(), 1, 1);

INSERT INTO principal.persona_tipopersona( ptp_codigo, ptp_tipopersona, ptp_persona, ptp_estado, ptp_fechacreo, ptp_fechamodifico, ptp_personacreo, ptp_personamodifico) VALUES (105, 5, 35, 1, NOW(), NOW(), 1, 1);

INSERT INTO principal.usepersona( use_codigo, per_codigo, use_pswd, use_estado, use_fechacreo, use_alias) VALUES (140, 35, '', '1', NOW(), '1077731774');

INSERT INTO principal.estado_ninio( eni_codigo, eni_ninio, eni_estado, eni_fechacreo, eni_fechamodifico, eni_personacreo, eni_personamodifico) VALUES (175, 35, 2, NOW(), NOW(), 1, 1);

INSERT INTO principal.persona( per_codigo, per_nombre, per_primerapellido, per_segundoapellido, per_personacreo, per_personamodifico, per_fechacreo, per_fechamodifico, per_genero, per_tipoidentificacion, per_identificacion, per_estado, per_fechanacimiento) VALUES (36, 'SARA ISABEL', 'RIVERA', 'FONSECA', 1, 1, NOW(), NOW(), '2', 6, '1076910521', '1', '2011-05-29');

INSERT INTO principal.datos_basicos( dba_codigo, dba_persona, dba_correo, dba_estado, dba_fechacreo, dba_fechamodifico, dba_personacreo, dba_personamodifico) VALUES (72, 36, 'sara.rivera@abc.edu.co', 1, NOW(), NOW(), 1, 1);

INSERT INTO principal.persona_tipopersona( ptp_codigo, ptp_tipopersona, ptp_persona, ptp_estado, ptp_fechacreo, ptp_fechamodifico, ptp_personacreo, ptp_personamodifico) VALUES (108, 5, 36, 1, NOW(), NOW(), 1, 1);

INSERT INTO principal.usepersona( use_codigo, per_codigo, use_pswd, use_estado, use_fechacreo, use_alias) VALUES (144, 36, '', '1', NOW(), '1076910521');

INSERT INTO principal.estado_ninio( eni_codigo, eni_ninio, eni_estado, eni_fechacreo, eni_fechamodifico, eni_personacreo, eni_personamodifico) VALUES (180, 36, 2, NOW(), NOW(), 1, 1);

INSERT INTO principal.persona( per_codigo, per_nombre, per_primerapellido, per_segundoapellido, per_personacreo, per_personamodifico, per_fechacreo, per_fechamodifico, per_genero, per_tipoidentificacion, per_identificacion, per_estado, per_fechanacimiento) VALUES (37, 'ANA MARIA', 'PERDOMO', 'CORTES', 1, 1, NOW(), NOW(), '2', 6, '1076909754', '1', '2010-12-05');

INSERT INTO principal.datos_basicos( dba_codigo, dba_persona, dba_correo, dba_estado, dba_fechacreo, dba_fechamodifico, dba_personacreo, dba_personamodifico) VALUES (74, 37, 'ana.perdomo@abc.edu.co', 1, NOW(), NOW(), 1, 1);

INSERT INTO principal.persona_tipopersona( ptp_codigo, ptp_tipopersona, ptp_persona, ptp_estado, ptp_fechacreo, ptp_fechamodifico, ptp_personacreo, ptp_personamodifico) VALUES (111, 5, 37, 1, NOW(), NOW(), 1, 1);

INSERT INTO principal.usepersona( use_codigo, per_codigo, use_pswd, use_estado, use_fechacreo, use_alias) VALUES (148, 37, '', '1', NOW(), '1076909754');

INSERT INTO principal.estado_ninio( eni_codigo, eni_ninio, eni_estado, eni_fechacreo, eni_fechamodifico, eni_personacreo, eni_personamodifico) VALUES (185, 37, 2, NOW(), NOW(), 1, 1);

INSERT INTO principal.persona( per_codigo, per_nombre, per_primerapellido, per_segundoapellido, per_personacreo, per_personamodifico, per_fechacreo, per_fechamodifico, per_genero, per_tipoidentificacion, per_identificacion, per_estado, per_fechanacimiento) VALUES (38, 'HELLEN VICTORIA ', 'ENDO', 'CAMACHO', 1, 1, NOW(), NOW(), '2', 6, '1082216716', '1', '2015-07-21');

INSERT INTO principal.datos_basicos( dba_codigo, dba_persona, dba_correo, dba_estado, dba_fechacreo, dba_fechamodifico, dba_personacreo, dba_personamodifico) VALUES (76, 38, 'hellen.camacho@abc.edu.co', 1, NOW(), NOW(), 1, 1);

INSERT INTO principal.persona_tipopersona( ptp_codigo, ptp_tipopersona, ptp_persona, ptp_estado, ptp_fechacreo, ptp_fechamodifico, ptp_personacreo, ptp_personamodifico) VALUES (114, 5, 38, 1, NOW(), NOW(), 1, 1);

INSERT INTO principal.usepersona( use_codigo, per_codigo, use_pswd, use_estado, use_fechacreo, use_alias) VALUES (152, 38, '', '1', NOW(), '1082216716');

INSERT INTO principal.estado_ninio( eni_codigo, eni_ninio, eni_estado, eni_fechacreo, eni_fechamodifico, eni_personacreo, eni_personamodifico) VALUES (190, 38, 2, NOW(), NOW(), 1, 1);

INSERT INTO principal.persona( per_codigo, per_nombre, per_primerapellido, per_segundoapellido, per_personacreo, per_personamodifico, per_fechacreo, per_fechamodifico, per_genero, per_tipoidentificacion, per_identificacion, per_estado, per_fechanacimiento) VALUES (39, 'CHRISTOPHER', 'POSADA', 'ARBOLEDA', 1, 1, NOW(), NOW(), '1', 6, '1076512901', '1', '2015-08-23');

INSERT INTO principal.datos_basicos( dba_codigo, dba_persona, dba_correo, dba_estado, dba_fechacreo, dba_fechamodifico, dba_personacreo, dba_personamodifico) VALUES (78, 39, 'christopher.posada@abc.edu.co', 1, NOW(), NOW(), 1, 1);

INSERT INTO principal.persona_tipopersona( ptp_codigo, ptp_tipopersona, ptp_persona, ptp_estado, ptp_fechacreo, ptp_fechamodifico, ptp_personacreo, ptp_personamodifico) VALUES (117, 5, 39, 1, NOW(), NOW(), 1, 1);

INSERT INTO principal.usepersona( use_codigo, per_codigo, use_pswd, use_estado, use_fechacreo, use_alias) VALUES (156, 39, '', '1', NOW(), '1076512901');

INSERT INTO principal.estado_ninio( eni_codigo, eni_ninio, eni_estado, eni_fechacreo, eni_fechamodifico, eni_personacreo, eni_personamodifico) VALUES (195, 39, 2, NOW(), NOW(), 1, 1);

INSERT INTO principal.persona( per_codigo, per_nombre, per_primerapellido, per_segundoapellido, per_personacreo, per_personamodifico, per_fechacreo, per_fechamodifico, per_genero, per_tipoidentificacion, per_identificacion, per_estado, per_fechanacimiento) VALUES (40, 'NIKOLL', 'PABON', 'MEÑACA', 1, 1, NOW(), NOW(), '2', 6, '1077238827', '1', '2013-06-27');

INSERT INTO principal.datos_basicos( dba_codigo, dba_persona, dba_correo, dba_estado, dba_fechacreo, dba_fechamodifico, dba_personacreo, dba_personamodifico) VALUES (80, 40, 'nikoll.pabon@abc.edu.co', 1, NOW(), NOW(), 1, 1);

INSERT INTO principal.persona_tipopersona( ptp_codigo, ptp_tipopersona, ptp_persona, ptp_estado, ptp_fechacreo, ptp_fechamodifico, ptp_personacreo, ptp_personamodifico) VALUES (120, 5, 40, 1, NOW(), NOW(), 1, 1);

INSERT INTO principal.usepersona( use_codigo, per_codigo, use_pswd, use_estado, use_fechacreo, use_alias) VALUES (160, 40, '', '1', NOW(), '1077238827');

INSERT INTO principal.estado_ninio( eni_codigo, eni_ninio, eni_estado, eni_fechacreo, eni_fechamodifico, eni_personacreo, eni_personamodifico) VALUES (200, 40, 2, NOW(), NOW(), 1, 1);

INSERT INTO principal.persona( per_codigo, per_nombre, per_primerapellido, per_segundoapellido, per_personacreo, per_personamodifico, per_fechacreo, per_fechamodifico, per_genero, per_tipoidentificacion, per_identificacion, per_estado, per_fechanacimiento) VALUES (41, 'JUAN ESTEBAN', 'FORERO', 'MUÑETON', 1, 1, NOW(), NOW(), '1', 6, '1077239033', '1', '2013-08-09');

INSERT INTO principal.datos_basicos( dba_codigo, dba_persona, dba_correo, dba_estado, dba_fechacreo, dba_fechamodifico, dba_personacreo, dba_personamodifico) VALUES (82, 41, 'juan.forero@abc.edu.co', 1, NOW(), NOW(), 1, 1);

INSERT INTO principal.persona_tipopersona( ptp_codigo, ptp_tipopersona, ptp_persona, ptp_estado, ptp_fechacreo, ptp_fechamodifico, ptp_personacreo, ptp_personamodifico) VALUES (123, 5, 41, 1, NOW(), NOW(), 1, 1);

INSERT INTO principal.usepersona( use_codigo, per_codigo, use_pswd, use_estado, use_fechacreo, use_alias) VALUES (164, 41, '', '1', NOW(), '1077239033');

INSERT INTO principal.estado_ninio( eni_codigo, eni_ninio, eni_estado, eni_fechacreo, eni_fechamodifico, eni_personacreo, eni_personamodifico) VALUES (205, 41, 2, NOW(), NOW(), 1, 1);

INSERT INTO principal.persona( per_codigo, per_nombre, per_primerapellido, per_segundoapellido, per_personacreo, per_personamodifico, per_fechacreo, per_fechamodifico, per_genero, per_tipoidentificacion, per_identificacion, per_estado, per_fechanacimiento) VALUES (42, 'THOMAS FELIPE', 'GARCIA', 'PERDOMO', 1, 1, NOW(), NOW(), '1', 6, '1076914879', '1', '2013-09-24');

INSERT INTO principal.datos_basicos( dba_codigo, dba_persona, dba_correo, dba_estado, dba_fechacreo, dba_fechamodifico, dba_personacreo, dba_personamodifico) VALUES (84, 42, 'thomas.garcia@abc.edu.co', 1, NOW(), NOW(), 1, 1);

INSERT INTO principal.persona_tipopersona( ptp_codigo, ptp_tipopersona, ptp_persona, ptp_estado, ptp_fechacreo, ptp_fechamodifico, ptp_personacreo, ptp_personamodifico) VALUES (126, 5, 42, 1, NOW(), NOW(), 1, 1);

INSERT INTO principal.usepersona( use_codigo, per_codigo, use_pswd, use_estado, use_fechacreo, use_alias) VALUES (168, 42, '', '1', NOW(), '1076914879');

INSERT INTO principal.estado_ninio( eni_codigo, eni_ninio, eni_estado, eni_fechacreo, eni_fechamodifico, eni_personacreo, eni_personamodifico) VALUES (210, 42, 2, NOW(), NOW(), 1, 1);

INSERT INTO principal.persona( per_codigo, per_nombre, per_primerapellido, per_segundoapellido, per_personacreo, per_personamodifico, per_fechacreo, per_fechamodifico, per_genero, per_tipoidentificacion, per_identificacion, per_estado, per_fechanacimiento) VALUES (43, 'MATIAS ', 'CASTAÑEDA', 'SANCHEZ', 1, 1, NOW(), NOW(), '1', 6, '1076915791', '1', '2014-05-03');

INSERT INTO principal.datos_basicos( dba_codigo, dba_persona, dba_correo, dba_estado, dba_fechacreo, dba_fechamodifico, dba_personacreo, dba_personamodifico) VALUES (86, 43, 'matias.castaneda@abc.edu.co', 1, NOW(), NOW(), 1, 1);

INSERT INTO principal.persona_tipopersona( ptp_codigo, ptp_tipopersona, ptp_persona, ptp_estado, ptp_fechacreo, ptp_fechamodifico, ptp_personacreo, ptp_personamodifico) VALUES (129, 5, 43, 1, NOW(), NOW(), 1, 1);

INSERT INTO principal.usepersona( use_codigo, per_codigo, use_pswd, use_estado, use_fechacreo, use_alias) VALUES (172, 43, '', '1', NOW(), '1076915791');

INSERT INTO principal.estado_ninio( eni_codigo, eni_ninio, eni_estado, eni_fechacreo, eni_fechamodifico, eni_personacreo, eni_personamodifico) VALUES (215, 43, 2, NOW(), NOW(), 1, 1);

INSERT INTO principal.persona( per_codigo, per_nombre, per_primerapellido, per_segundoapellido, per_personacreo, per_personamodifico, per_fechacreo, per_fechamodifico, per_genero, per_tipoidentificacion, per_identificacion, per_estado, per_fechanacimiento) VALUES (44, 'JUAN ESTEBAN', 'POLO', 'MURCIA', 1, 1, NOW(), NOW(), '1', 6, '1077239720', '1', '2013-12-27');

INSERT INTO principal.datos_basicos( dba_codigo, dba_persona, dba_correo, dba_estado, dba_fechacreo, dba_fechamodifico, dba_personacreo, dba_personamodifico) VALUES (88, 44, 'juan.polo@abc.edu.co', 1, NOW(), NOW(), 1, 1);

INSERT INTO principal.persona_tipopersona( ptp_codigo, ptp_tipopersona, ptp_persona, ptp_estado, ptp_fechacreo, ptp_fechamodifico, ptp_personacreo, ptp_personamodifico) VALUES (132, 5, 44, 1, NOW(), NOW(), 1, 1);

INSERT INTO principal.usepersona( use_codigo, per_codigo, use_pswd, use_estado, use_fechacreo, use_alias) VALUES (176, 44, '', '1', NOW(), '1077239720');

INSERT INTO principal.estado_ninio( eni_codigo, eni_ninio, eni_estado, eni_fechacreo, eni_fechamodifico, eni_personacreo, eni_personamodifico) VALUES (220, 44, 2, NOW(), NOW(), 1, 1);

