
INSERT INTO principal.persona(
                                per_codigo, per_nombre, per_primerapellido,
                                per_segundoapellido, per_personacreo, per_personamodifico,
                                per_fechacreo, per_fechamodifico, per_genero,
                                per_tipoidentificacion, per_identificacion,
                                per_estado,  per_fechanacimiento)
                            VALUES (45, 'JUAN MANUEL', 'LOPEZ',
                                   'VASQUEZ', 1, 1,
                                    NOW(), NOW(), '1',
                                    6, '1014996435',
                                    '1',  '2014-04-11');

INSERT INTO principal.datos_basicos( dba_codigo, dba_persona, dba_correo, dba_estado, dba_fechacreo, dba_fechamodifico, dba_personacreo, dba_personamodifico) VALUES (90, 45, 'juan.lopez@abc.edu.co', 1, NOW(), NOW(), 1, 1);

INSERT INTO principal.persona_tipopersona( ptp_codigo, ptp_tipopersona, ptp_persona, ptp_estado, ptp_fechacreo, ptp_fechamodifico, ptp_personacreo, ptp_personamodifico) VALUES (135, 5, 45, 1, NOW(), NOW(), 1, 1);

INSERT INTO principal.usepersona( use_codigo, per_codigo, use_pswd, use_estado, use_fechacreo, use_alias) VALUES (180, 45, '', '1', NOW(), '1014996435');

INSERT INTO principal.estado_ninio( eni_codigo, eni_ninio, eni_estado, eni_fechacreo, eni_fechamodifico, eni_personacreo, eni_personamodifico) VALUES (225, 45, 2, NOW(), NOW(), 1, 1);

INSERT INTO principal.persona( per_codigo, per_nombre, per_primerapellido, per_segundoapellido, per_personacreo, per_personamodifico, per_fechacreo, per_fechamodifico, per_genero, per_tipoidentificacion, per_identificacion, per_estado, per_fechanacimiento) VALUES (46, 'RAFAEL SANTIAGO', 'RAMIREZ', 'DIAZ', 1, 1, NOW(), NOW(), '1', 6, '1075291738', '1', '2013-10-05');

INSERT INTO principal.datos_basicos( dba_codigo, dba_persona, dba_correo, dba_estado, dba_fechacreo, dba_fechamodifico, dba_personacreo, dba_personamodifico) VALUES (92, 46, 'rafael.ramirez@abc.edu.co', 1, NOW(), NOW(), 1, 1);

INSERT INTO principal.persona_tipopersona( ptp_codigo, ptp_tipopersona, ptp_persona, ptp_estado, ptp_fechacreo, ptp_fechamodifico, ptp_personacreo, ptp_personamodifico) VALUES (138, 5, 46, 1, NOW(), NOW(), 1, 1);

INSERT INTO principal.usepersona( use_codigo, per_codigo, use_pswd, use_estado, use_fechacreo, use_alias) VALUES (184, 46, '', '1', NOW(), '1075291738');

INSERT INTO principal.estado_ninio( eni_codigo, eni_ninio, eni_estado, eni_fechacreo, eni_fechamodifico, eni_personacreo, eni_personamodifico) VALUES (230, 46, 2, NOW(), NOW(), 1, 1);

INSERT INTO principal.persona( per_codigo, per_nombre, per_primerapellido, per_segundoapellido, per_personacreo, per_personamodifico, per_fechacreo, per_fechamodifico, per_genero, per_tipoidentificacion, per_identificacion, per_estado, per_fechanacimiento) VALUES (47, 'DILAN CAMILO', 'CUMACO', 'PASTRANA', 1, 1, NOW(), NOW(), '1', 6, '1076510667', '1', '2013-07-12');

INSERT INTO principal.datos_basicos( dba_codigo, dba_persona, dba_correo, dba_estado, dba_fechacreo, dba_fechamodifico, dba_personacreo, dba_personamodifico) VALUES (94, 47, 'dilan.cumaco@abc.edu.co', 1, NOW(), NOW(), 1, 1);

INSERT INTO principal.persona_tipopersona( ptp_codigo, ptp_tipopersona, ptp_persona, ptp_estado, ptp_fechacreo, ptp_fechamodifico, ptp_personacreo, ptp_personamodifico) VALUES (141, 5, 47, 1, NOW(), NOW(), 1, 1);

INSERT INTO principal.usepersona( use_codigo, per_codigo, use_pswd, use_estado, use_fechacreo, use_alias) VALUES (188, 47, '', '1', NOW(), '1076510667');

INSERT INTO principal.estado_ninio( eni_codigo, eni_ninio, eni_estado, eni_fechacreo, eni_fechamodifico, eni_personacreo, eni_personamodifico) VALUES (235, 47, 2, NOW(), NOW(), 1, 1);

INSERT INTO principal.persona( per_codigo, per_nombre, per_primerapellido, per_segundoapellido, per_personacreo, per_personamodifico, per_fechacreo, per_fechamodifico, per_genero, per_tipoidentificacion, per_identificacion, per_estado, per_fechanacimiento) VALUES (48, 'ANDREY MATHIAS', 'CABRERA ', 'PASTRANA', 1, 1, NOW(), NOW(), '1', 6, '1147488121', '1', '2011-02-12');

INSERT INTO principal.datos_basicos( dba_codigo, dba_persona, dba_correo, dba_estado, dba_fechacreo, dba_fechamodifico, dba_personacreo, dba_personamodifico) VALUES (96, 48, 'andrey.cabrera@abc.edu.co', 1, NOW(), NOW(), 1, 1);

INSERT INTO principal.persona_tipopersona( ptp_codigo, ptp_tipopersona, ptp_persona, ptp_estado, ptp_fechacreo, ptp_fechamodifico, ptp_personacreo, ptp_personamodifico) VALUES (144, 5, 48, 1, NOW(), NOW(), 1, 1);

INSERT INTO principal.usepersona( use_codigo, per_codigo, use_pswd, use_estado, use_fechacreo, use_alias) VALUES (192, 48, '', '1', NOW(), '1147488121');

INSERT INTO principal.estado_ninio( eni_codigo, eni_ninio, eni_estado, eni_fechacreo, eni_fechamodifico, eni_personacreo, eni_personamodifico) VALUES (240, 48, 2, NOW(), NOW(), 1, 1);

INSERT INTO principal.persona( per_codigo, per_nombre, per_primerapellido, per_segundoapellido, per_personacreo, per_personamodifico, per_fechacreo, per_fechamodifico, per_genero, per_tipoidentificacion, per_identificacion, per_estado, per_fechanacimiento) VALUES (49, 'ISABELLA', 'LEIVA', 'SALAZAR', 1, 1, NOW(), NOW(), '2', 6, '1077239605', '1', '2013-12-06');

INSERT INTO principal.datos_basicos( dba_codigo, dba_persona, dba_correo, dba_estado, dba_fechacreo, dba_fechamodifico, dba_personacreo, dba_personamodifico) VALUES (98, 49, 'isabella.leiva@abc.edu.co', 1, NOW(), NOW(), 1, 1);

INSERT INTO principal.persona_tipopersona( ptp_codigo, ptp_tipopersona, ptp_persona, ptp_estado, ptp_fechacreo, ptp_fechamodifico, ptp_personacreo, ptp_personamodifico) VALUES (147, 5, 49, 1, NOW(), NOW(), 1, 1);

INSERT INTO principal.usepersona( use_codigo, per_codigo, use_pswd, use_estado, use_fechacreo, use_alias) VALUES (196, 49, '', '1', NOW(), '1077239605');

INSERT INTO principal.estado_ninio( eni_codigo, eni_ninio, eni_estado, eni_fechacreo, eni_fechamodifico, eni_personacreo, eni_personamodifico) VALUES (245, 49, 2, NOW(), NOW(), 1, 1);

INSERT INTO principal.persona( per_codigo, per_nombre, per_primerapellido, per_segundoapellido, per_personacreo, per_personamodifico, per_fechacreo, per_fechamodifico, per_genero, per_tipoidentificacion, per_identificacion, per_estado, per_fechanacimiento) VALUES (50, 'JOSÉ SANTIAGO', 'ROJAS', 'LÓPÉZ', 1, 1, NOW(), NOW(), '1', 6, '1076511748', '1', '2014-08-13');

INSERT INTO principal.datos_basicos( dba_codigo, dba_persona, dba_correo, dba_estado, dba_fechacreo, dba_fechamodifico, dba_personacreo, dba_personamodifico) VALUES (100, 50, 'jose.rojas@abc.edu.co', 1, NOW(), NOW(), 1, 1);

INSERT INTO principal.persona_tipopersona( ptp_codigo, ptp_tipopersona, ptp_persona, ptp_estado, ptp_fechacreo, ptp_fechamodifico, ptp_personacreo, ptp_personamodifico) VALUES (150, 5, 50, 1, NOW(), NOW(), 1, 1);

INSERT INTO principal.usepersona( use_codigo, per_codigo, use_pswd, use_estado, use_fechacreo, use_alias) VALUES (200, 50, '', '1', NOW(), '1076511748');

INSERT INTO principal.estado_ninio( eni_codigo, eni_ninio, eni_estado, eni_fechacreo, eni_fechamodifico, eni_personacreo, eni_personamodifico) VALUES (250, 50, 2, NOW(), NOW(), 1, 1);

INSERT INTO principal.persona( per_codigo, per_nombre, per_primerapellido, per_segundoapellido, per_personacreo, per_personamodifico, per_fechacreo, per_fechamodifico, per_genero, per_tipoidentificacion, per_identificacion, per_estado, per_fechanacimiento) VALUES (51, 'MAURICIO', 'MOSQUERA', 'PERDOMO', 1, 1, NOW(), NOW(), '1', 6, '1077235957', '1', '2011-10-16');

INSERT INTO principal.datos_basicos( dba_codigo, dba_persona, dba_correo, dba_estado, dba_fechacreo, dba_fechamodifico, dba_personacreo, dba_personamodifico) VALUES (102, 51, 'mauricio.mosquera@abc.edu.co', 1, NOW(), NOW(), 1, 1);

INSERT INTO principal.persona_tipopersona( ptp_codigo, ptp_tipopersona, ptp_persona, ptp_estado, ptp_fechacreo, ptp_fechamodifico, ptp_personacreo, ptp_personamodifico) VALUES (153, 5, 51, 1, NOW(), NOW(), 1, 1);

INSERT INTO principal.usepersona( use_codigo, per_codigo, use_pswd, use_estado, use_fechacreo, use_alias) VALUES (204, 51, '', '1', NOW(), '1077235957');

INSERT INTO principal.estado_ninio( eni_codigo, eni_ninio, eni_estado, eni_fechacreo, eni_fechamodifico, eni_personacreo, eni_personamodifico) VALUES (255, 51, 2, NOW(), NOW(), 1, 1);

INSERT INTO principal.persona( per_codigo, per_nombre, per_primerapellido, per_segundoapellido, per_personacreo, per_personamodifico, per_fechacreo, per_fechamodifico, per_genero, per_tipoidentificacion, per_identificacion, per_estado, per_fechanacimiento) VALUES (52, 'JUAN JOSE', 'CASTRO', 'PASTRANA', 1, 1, NOW(), NOW(), '1', 6, '1077240716', '1', '2014-06-10');

INSERT INTO principal.datos_basicos( dba_codigo, dba_persona, dba_correo, dba_estado, dba_fechacreo, dba_fechamodifico, dba_personacreo, dba_personamodifico) VALUES (104, 52, 'juan.castro@abc.edu.co', 1, NOW(), NOW(), 1, 1);

INSERT INTO principal.persona_tipopersona( ptp_codigo, ptp_tipopersona, ptp_persona, ptp_estado, ptp_fechacreo, ptp_fechamodifico, ptp_personacreo, ptp_personamodifico) VALUES (156, 5, 52, 1, NOW(), NOW(), 1, 1);

INSERT INTO principal.usepersona( use_codigo, per_codigo, use_pswd, use_estado, use_fechacreo, use_alias) VALUES (208, 52, '', '1', NOW(), '1077240716');

INSERT INTO principal.estado_ninio( eni_codigo, eni_ninio, eni_estado, eni_fechacreo, eni_fechamodifico, eni_personacreo, eni_personamodifico) VALUES (260, 52, 2, NOW(), NOW(), 1, 1);

INSERT INTO principal.persona( per_codigo, per_nombre, per_primerapellido, per_segundoapellido, per_personacreo, per_personamodifico, per_fechacreo, per_fechamodifico, per_genero, per_tipoidentificacion, per_identificacion, per_estado, per_fechanacimiento) VALUES (53, 'JORGE MATHIAS', 'MARTINEZ', 'CALDERON', 1, 1, NOW(), NOW(), '1', 6, '1077238033', '1', '2013-01-21');

INSERT INTO principal.datos_basicos( dba_codigo, dba_persona, dba_correo, dba_estado, dba_fechacreo, dba_fechamodifico, dba_personacreo, dba_personamodifico) VALUES (106, 53, 'jorge.martinez@abc.edu.co', 1, NOW(), NOW(), 1, 1);

INSERT INTO principal.persona_tipopersona( ptp_codigo, ptp_tipopersona, ptp_persona, ptp_estado, ptp_fechacreo, ptp_fechamodifico, ptp_personacreo, ptp_personamodifico) VALUES (159, 5, 53, 1, NOW(), NOW(), 1, 1);

INSERT INTO principal.usepersona( use_codigo, per_codigo, use_pswd, use_estado, use_fechacreo, use_alias) VALUES (212, 53, '', '1', NOW(), '1077238033');

INSERT INTO principal.estado_ninio( eni_codigo, eni_ninio, eni_estado, eni_fechacreo, eni_fechamodifico, eni_personacreo, eni_personamodifico) VALUES (265, 53, 2, NOW(), NOW(), 1, 1);

INSERT INTO principal.persona( per_codigo, per_nombre, per_primerapellido, per_segundoapellido, per_personacreo, per_personamodifico, per_fechacreo, per_fechamodifico, per_genero, per_tipoidentificacion, per_identificacion, per_estado, per_fechanacimiento) VALUES (54, 'EMMANUEL ', 'MARTINEZ', 'CALDERON', 1, 1, NOW(), NOW(), '1', 6, '1077240338', '1', '2014-03-21');

INSERT INTO principal.datos_basicos( dba_codigo, dba_persona, dba_correo, dba_estado, dba_fechacreo, dba_fechamodifico, dba_personacreo, dba_personamodifico) VALUES (108, 54, 'emmanuel.martinez@abc.edu.co', 1, NOW(), NOW(), 1, 1);

INSERT INTO principal.persona_tipopersona( ptp_codigo, ptp_tipopersona, ptp_persona, ptp_estado, ptp_fechacreo, ptp_fechamodifico, ptp_personacreo, ptp_personamodifico) VALUES (162, 5, 54, 1, NOW(), NOW(), 1, 1);

INSERT INTO principal.usepersona( use_codigo, per_codigo, use_pswd, use_estado, use_fechacreo, use_alias) VALUES (216, 54, '', '1', NOW(), '1077240338');

INSERT INTO principal.estado_ninio( eni_codigo, eni_ninio, eni_estado, eni_fechacreo, eni_fechamodifico, eni_personacreo, eni_personamodifico) VALUES (270, 54, 2, NOW(), NOW(), 1, 1);
