
INSERT INTO principal.persona(
                                per_codigo, per_nombre, per_primerapellido,
                                per_segundoapellido, per_personacreo, per_personamodifico,
                                per_fechacreo, per_fechamodifico, per_genero,
                                per_tipoidentificacion, per_identificacion,
                                per_estado,  per_fechanacimiento)
                            VALUES (56, 'MARIA ISABELLA', 'ORTIZ',
                                   'COY', 1, 1,
                                    NOW(), NOW(), '2',
                                    6, '1076916201',
                                    '1',  '2014-08-19');
                                    
INSERT INTO principal.datos_basicos( dba_codigo, dba_persona, dba_correo, dba_estado, dba_fechacreo, dba_fechamodifico, dba_personacreo, dba_personamodifico) VALUES (112, 56, 'maria.ortiz@abc.edu.co', 1, NOW(), NOW(), 1, 1);

INSERT INTO principal.persona_tipopersona( ptp_codigo, ptp_tipopersona, ptp_persona, ptp_estado, ptp_fechacreo, ptp_fechamodifico, ptp_personacreo, ptp_personamodifico) VALUES (168, 5, 56, 1, NOW(), NOW(), 1, 1);

INSERT INTO principal.usepersona( use_codigo, per_codigo, use_pswd, use_estado, use_fechacreo, use_alias) VALUES (224, 56, '', '1', NOW(), '1076916201');

INSERT INTO principal.estado_ninio( eni_codigo, eni_ninio, eni_estado, eni_fechacreo, eni_fechamodifico, eni_personacreo, eni_personamodifico) VALUES (280, 56, 2, NOW(), NOW(), 1, 1);

INSERT INTO principal.persona( per_codigo, per_nombre, per_primerapellido, per_segundoapellido, per_personacreo, per_personamodifico, per_fechacreo, per_fechamodifico, per_genero, per_tipoidentificacion, per_identificacion, per_estado, per_fechanacimiento) VALUES (57, 'MARIANA', 'TORREJANO', 'RODRIGUEZ', 1, 1, NOW(), NOW(), '2', 6, '1076512123', '1', '2014-12-05');

INSERT INTO principal.datos_basicos( dba_codigo, dba_persona, dba_correo, dba_estado, dba_fechacreo, dba_fechamodifico, dba_personacreo, dba_personamodifico) VALUES (114, 57, 'mariana.torrejano@abc.edu.co', 1, NOW(), NOW(), 1, 1);

INSERT INTO principal.persona_tipopersona( ptp_codigo, ptp_tipopersona, ptp_persona, ptp_estado, ptp_fechacreo, ptp_fechamodifico, ptp_personacreo, ptp_personamodifico) VALUES (171, 5, 57, 1, NOW(), NOW(), 1, 1);

INSERT INTO principal.usepersona( use_codigo, per_codigo, use_pswd, use_estado, use_fechacreo, use_alias) VALUES (228, 57, '', '1', NOW(), '1076512123');

INSERT INTO principal.estado_ninio( eni_codigo, eni_ninio, eni_estado, eni_fechacreo, eni_fechamodifico, eni_personacreo, eni_personamodifico) VALUES (285, 57, 2, NOW(), NOW(), 1, 1);

INSERT INTO principal.persona( per_codigo, per_nombre, per_primerapellido, per_segundoapellido, per_personacreo, per_personamodifico, per_fechacreo, per_fechamodifico, per_genero, per_tipoidentificacion, per_identificacion, per_estado, per_fechanacimiento) VALUES (58, 'VALERIE SHARITH', 'ANAYA', 'CAMPOS', 1, 1, NOW(), NOW(), '2', 6, '1083905127', '1', '2012-01-14');

INSERT INTO principal.datos_basicos( dba_codigo, dba_persona, dba_correo, dba_estado, dba_fechacreo, dba_fechamodifico, dba_personacreo, dba_personamodifico) VALUES (116, 58, 'valerie.anaya@abc.edu.co', 1, NOW(), NOW(), 1, 1);

INSERT INTO principal.persona_tipopersona( ptp_codigo, ptp_tipopersona, ptp_persona, ptp_estado, ptp_fechacreo, ptp_fechamodifico, ptp_personacreo, ptp_personamodifico) VALUES (174, 5, 58, 1, NOW(), NOW(), 1, 1);

INSERT INTO principal.usepersona( use_codigo, per_codigo, use_pswd, use_estado, use_fechacreo, use_alias) VALUES (232, 58, '', '1', NOW(), '1083905127');

INSERT INTO principal.estado_ninio( eni_codigo, eni_ninio, eni_estado, eni_fechacreo, eni_fechamodifico, eni_personacreo, eni_personamodifico) VALUES (290, 58, 2, NOW(), NOW(), 1, 1);

INSERT INTO principal.persona( per_codigo, per_nombre, per_primerapellido, per_segundoapellido, per_personacreo, per_personamodifico, per_fechacreo, per_fechamodifico, per_genero, per_tipoidentificacion, per_identificacion, per_estado, per_fechanacimiento) VALUES (59, 'EVOLETH MAIA', 'CAQUIMBO ', 'MARINEZ', 1, 1, NOW(), NOW(), '2', 6, '1084869201', '1', '2014-08-19');

INSERT INTO principal.datos_basicos( dba_codigo, dba_persona, dba_correo, dba_estado, dba_fechacreo, dba_fechamodifico, dba_personacreo, dba_personamodifico) VALUES (118, 59, 'evoleth.caquimbo@abc.edu.co', 1, NOW(), NOW(), 1, 1);

INSERT INTO principal.persona_tipopersona( ptp_codigo, ptp_tipopersona, ptp_persona, ptp_estado, ptp_fechacreo, ptp_fechamodifico, ptp_personacreo, ptp_personamodifico) VALUES (177, 5, 59, 1, NOW(), NOW(), 1, 1);

INSERT INTO principal.usepersona( use_codigo, per_codigo, use_pswd, use_estado, use_fechacreo, use_alias) VALUES (236, 59, '', '1', NOW(), '1084869201');

INSERT INTO principal.estado_ninio( eni_codigo, eni_ninio, eni_estado, eni_fechacreo, eni_fechamodifico, eni_personacreo, eni_personamodifico) VALUES (295, 59, 2, NOW(), NOW(), 1, 1);

INSERT INTO principal.persona( per_codigo, per_nombre, per_primerapellido, per_segundoapellido, per_personacreo, per_personamodifico, per_fechacreo, per_fechamodifico, per_genero, per_tipoidentificacion, per_identificacion, per_estado, per_fechanacimiento) VALUES (60, 'JUAN FELIPE', 'MEJIA', 'PENAGOS', 1, 1, NOW(), NOW(), '1', 6, '1076910206', '1', '2011-03-22');

INSERT INTO principal.datos_basicos( dba_codigo, dba_persona, dba_correo, dba_estado, dba_fechacreo, dba_fechamodifico, dba_personacreo, dba_personamodifico) VALUES (120, 60, 'juan.mejia@abc.edu.co', 1, NOW(), NOW(), 1, 1);

INSERT INTO principal.persona_tipopersona( ptp_codigo, ptp_tipopersona, ptp_persona, ptp_estado, ptp_fechacreo, ptp_fechamodifico, ptp_personacreo, ptp_personamodifico) VALUES (180, 5, 60, 1, NOW(), NOW(), 1, 1);

INSERT INTO principal.usepersona( use_codigo, per_codigo, use_pswd, use_estado, use_fechacreo, use_alias) VALUES (240, 60, '', '1', NOW(), '1076910206');

INSERT INTO principal.estado_ninio( eni_codigo, eni_ninio, eni_estado, eni_fechacreo, eni_fechamodifico, eni_personacreo, eni_personamodifico) VALUES (300, 60, 2, NOW(), NOW(), 1, 1);

INSERT INTO principal.persona( per_codigo, per_nombre, per_primerapellido, per_segundoapellido, per_personacreo, per_personamodifico, per_fechacreo, per_fechamodifico, per_genero, per_tipoidentificacion, per_identificacion, per_estado, per_fechanacimiento) VALUES (61, 'CESAR AUGUSTO', 'SORIANO', 'JARA', 1, 1, NOW(), NOW(), '1', 6, '1077242335', '1', '2015-04-01');

INSERT INTO principal.datos_basicos( dba_codigo, dba_persona, dba_correo, dba_estado, dba_fechacreo, dba_fechamodifico, dba_personacreo, dba_personamodifico) VALUES (122, 61, 'cesar.soriano@abc.edu.co', 1, NOW(), NOW(), 1, 1);

INSERT INTO principal.persona_tipopersona( ptp_codigo, ptp_tipopersona, ptp_persona, ptp_estado, ptp_fechacreo, ptp_fechamodifico, ptp_personacreo, ptp_personamodifico) VALUES (183, 5, 61, 1, NOW(), NOW(), 1, 1);

INSERT INTO principal.usepersona( use_codigo, per_codigo, use_pswd, use_estado, use_fechacreo, use_alias) VALUES (244, 61, '', '1', NOW(), '1077242335');

INSERT INTO principal.estado_ninio( eni_codigo, eni_ninio, eni_estado, eni_fechacreo, eni_fechamodifico, eni_personacreo, eni_personamodifico) VALUES (305, 61, 2, NOW(), NOW(), 1, 1);

INSERT INTO principal.persona( per_codigo, per_nombre, per_primerapellido, per_segundoapellido, per_personacreo, per_personamodifico, per_fechacreo, per_fechamodifico, per_genero, per_tipoidentificacion, per_identificacion, per_estado, per_fechanacimiento) VALUES (62, 'ROGER', 'MURCIA', 'ALVAREZ', 1, 1, NOW(), NOW(), '1', 6, '1077235812', '1', '2011-09-14');

INSERT INTO principal.datos_basicos( dba_codigo, dba_persona, dba_correo, dba_estado, dba_fechacreo, dba_fechamodifico, dba_personacreo, dba_personamodifico) VALUES (124, 62, 'roger.murcia@abc.edu.co', 1, NOW(), NOW(), 1, 1);

INSERT INTO principal.persona_tipopersona( ptp_codigo, ptp_tipopersona, ptp_persona, ptp_estado, ptp_fechacreo, ptp_fechamodifico, ptp_personacreo, ptp_personamodifico) VALUES (186, 5, 62, 1, NOW(), NOW(), 1, 1);

INSERT INTO principal.usepersona( use_codigo, per_codigo, use_pswd, use_estado, use_fechacreo, use_alias) VALUES (248, 62, '', '1', NOW(), '1077235812');

INSERT INTO principal.estado_ninio( eni_codigo, eni_ninio, eni_estado, eni_fechacreo, eni_fechamodifico, eni_personacreo, eni_personamodifico) VALUES (310, 62, 2, NOW(), NOW(), 1, 1);

INSERT INTO principal.persona( per_codigo, per_nombre, per_primerapellido, per_segundoapellido, per_personacreo, per_personamodifico, per_fechacreo, per_fechamodifico, per_genero, per_tipoidentificacion, per_identificacion, per_estado, per_fechanacimiento) VALUES (63, 'GABRIELA', 'ESCOBAR', 'GONZALEZ', 1, 1, NOW(), NOW(), '2', 6, '1076911469', '1', '2011-11-22');

INSERT INTO principal.datos_basicos( dba_codigo, dba_persona, dba_correo, dba_estado, dba_fechacreo, dba_fechamodifico, dba_personacreo, dba_personamodifico) VALUES (126, 63, 'gabriela.escobar@abc.edu.co', 1, NOW(), NOW(), 1, 1);

INSERT INTO principal.persona_tipopersona( ptp_codigo, ptp_tipopersona, ptp_persona, ptp_estado, ptp_fechacreo, ptp_fechamodifico, ptp_personacreo, ptp_personamodifico) VALUES (189, 5, 63, 1, NOW(), NOW(), 1, 1);

INSERT INTO principal.usepersona( use_codigo, per_codigo, use_pswd, use_estado, use_fechacreo, use_alias) VALUES (252, 63, '', '1', NOW(), '1076911469');

INSERT INTO principal.estado_ninio( eni_codigo, eni_ninio, eni_estado, eni_fechacreo, eni_fechamodifico, eni_personacreo, eni_personamodifico) VALUES (315, 63, 2, NOW(), NOW(), 1, 1);

INSERT INTO principal.persona( per_codigo, per_nombre, per_primerapellido, per_segundoapellido, per_personacreo, per_personamodifico, per_fechacreo, per_fechamodifico, per_genero, per_tipoidentificacion, per_identificacion, per_estado, per_fechanacimiento) VALUES (64, 'SERGIO', 'ESCOBAR', 'GONZALEZ', 1, 1, NOW(), NOW(), '1', 6, '1076911470', '1', '2011-11-22');

INSERT INTO principal.datos_basicos( dba_codigo, dba_persona, dba_correo, dba_estado, dba_fechacreo, dba_fechamodifico, dba_personacreo, dba_personamodifico) VALUES (128, 64, 'sergios.escobar@abc.edu.co', 1, NOW(), NOW(), 1, 1);

INSERT INTO principal.persona_tipopersona( ptp_codigo, ptp_tipopersona, ptp_persona, ptp_estado, ptp_fechacreo, ptp_fechamodifico, ptp_personacreo, ptp_personamodifico) VALUES (192, 5, 64, 1, NOW(), NOW(), 1, 1);

INSERT INTO principal.usepersona( use_codigo, per_codigo, use_pswd, use_estado, use_fechacreo, use_alias) VALUES (256, 64, '', '1', NOW(), '1076911470');

INSERT INTO principal.estado_ninio( eni_codigo, eni_ninio, eni_estado, eni_fechacreo, eni_fechamodifico, eni_personacreo, eni_personamodifico) VALUES (320, 64, 2, NOW(), NOW(), 1, 1);

INSERT INTO principal.persona( per_codigo, per_nombre, per_primerapellido, per_segundoapellido, per_personacreo, per_personamodifico, per_fechacreo, per_fechamodifico, per_genero, per_tipoidentificacion, per_identificacion, per_estado, per_fechanacimiento) VALUES (65, 'SARAY VALENTINA', 'LOPEZ', 'CARDOSO', 1, 1, NOW(), NOW(), '2', 6, '1076508868', '1', '2011-08-22');

INSERT INTO principal.datos_basicos( dba_codigo, dba_persona, dba_correo, dba_estado, dba_fechacreo, dba_fechamodifico, dba_personacreo, dba_personamodifico) VALUES (130, 65, 'saray.lopez@abc.edu.co', 1, NOW(), NOW(), 1, 1);

INSERT INTO principal.persona_tipopersona( ptp_codigo, ptp_tipopersona, ptp_persona, ptp_estado, ptp_fechacreo, ptp_fechamodifico, ptp_personacreo, ptp_personamodifico) VALUES (195, 5, 65, 1, NOW(), NOW(), 1, 1);

INSERT INTO principal.usepersona( use_codigo, per_codigo, use_pswd, use_estado, use_fechacreo, use_alias) VALUES (260, 65, '', '1', NOW(), '1076508868');

INSERT INTO principal.estado_ninio( eni_codigo, eni_ninio, eni_estado, eni_fechacreo, eni_fechamodifico, eni_personacreo, eni_personamodifico) VALUES (325, 65, 2, NOW(), NOW(), 1, 1);

INSERT INTO principal.persona( per_codigo, per_nombre, per_primerapellido, per_segundoapellido, per_personacreo, per_personamodifico, per_fechacreo, per_fechamodifico, per_genero, per_tipoidentificacion, per_identificacion, per_estado, per_fechanacimiento) VALUES (66, 'SARA', 'PERDOMO', 'PEREZ', 1, 1, NOW(), NOW(), '2', 6, '1075801348', '1', '2012-04-27');

INSERT INTO principal.datos_basicos( dba_codigo, dba_persona, dba_correo, dba_estado, dba_fechacreo, dba_fechamodifico, dba_personacreo, dba_personamodifico) VALUES (132, 66, 'sara.perdomo@abc.edu.co', 1, NOW(), NOW(), 1, 1);

INSERT INTO principal.persona_tipopersona( ptp_codigo, ptp_tipopersona, ptp_persona, ptp_estado, ptp_fechacreo, ptp_fechamodifico, ptp_personacreo, ptp_personamodifico) VALUES (198, 5, 66, 1, NOW(), NOW(), 1, 1);

INSERT INTO principal.usepersona( use_codigo, per_codigo, use_pswd, use_estado, use_fechacreo, use_alias) VALUES (264, 66, '', '1', NOW(), '1075801348');

INSERT INTO principal.estado_ninio( eni_codigo, eni_ninio, eni_estado, eni_fechacreo, eni_fechamodifico, eni_personacreo, eni_personamodifico) VALUES (330, 66, 2, NOW(), NOW(), 1, 1);
