INSERT INTO principal.persona(
                                per_codigo, per_nombre, per_primerapellido,
                                per_segundoapellido, per_personacreo, per_personamodifico,
                                per_fechacreo, per_fechamodifico, per_genero,
                                per_tipoidentificacion, per_identificacion,
                                per_estado,  per_fechanacimiento)
                            VALUES (89, 'MARIA JOSE', 'QUEZADA',
                                   'LEON', 1, 1,
                                    NOW(), NOW(), '2',
                                    6, '1076911510',
                                    '1',  '2011-12-04');
                                    
INSERT INTO principal.datos_basicos( dba_codigo, dba_persona, dba_correo, dba_estado, dba_fechacreo, dba_fechamodifico, dba_personacreo, dba_personamodifico) VALUES (178, 89, 'maria.quezada@abc.edu.co', 1, NOW(), NOW(), 1, 1);

INSERT INTO principal.persona_tipopersona( ptp_codigo, ptp_tipopersona, ptp_persona, ptp_estado, ptp_fechacreo, ptp_fechamodifico, ptp_personacreo, ptp_personamodifico) VALUES (267, 5, 89, 1, NOW(), NOW(), 1, 1);

INSERT INTO principal.usepersona( use_codigo, per_codigo, use_pswd, use_estado, use_fechacreo, use_alias) VALUES (356, 89, '', '1', NOW(), '1076911510');

INSERT INTO principal.estado_ninio( eni_codigo, eni_ninio, eni_estado, eni_fechacreo, eni_fechamodifico, eni_personacreo, eni_personamodifico) VALUES (445, 89, 2, NOW(), NOW(), 1, 1);

INSERT INTO principal.persona( per_codigo, per_nombre, per_primerapellido, per_segundoapellido, per_personacreo, per_personamodifico, per_fechacreo, per_fechamodifico, per_genero, per_tipoidentificacion, per_identificacion, per_estado, per_fechanacimiento) VALUES (90, 'MARTIN ', 'RODGERS', 'SARMIENTO', 1, 1, NOW(), NOW(), '1', 6, '1077244653', '1', '2016-05-20');

INSERT INTO principal.datos_basicos( dba_codigo, dba_persona, dba_correo, dba_estado, dba_fechacreo, dba_fechamodifico, dba_personacreo, dba_personamodifico) VALUES (180, 90, 'martin.rodgers@abc.edu.co', 1, NOW(), NOW(), 1, 1);

INSERT INTO principal.persona_tipopersona( ptp_codigo, ptp_tipopersona, ptp_persona, ptp_estado, ptp_fechacreo, ptp_fechamodifico, ptp_personacreo, ptp_personamodifico) VALUES (270, 5, 90, 1, NOW(), NOW(), 1, 1);

INSERT INTO principal.usepersona( use_codigo, per_codigo, use_pswd, use_estado, use_fechacreo, use_alias) VALUES (360, 90, '', '1', NOW(), '1077244653');

INSERT INTO principal.estado_ninio( eni_codigo, eni_ninio, eni_estado, eni_fechacreo, eni_fechamodifico, eni_personacreo, eni_personamodifico) VALUES (450, 90, 2, NOW(), NOW(), 1, 1);

INSERT INTO principal.persona( per_codigo, per_nombre, per_primerapellido, per_segundoapellido, per_personacreo, per_personamodifico, per_fechacreo, per_fechamodifico, per_genero, per_tipoidentificacion, per_identificacion, per_estado, per_fechanacimiento) VALUES (91, 'SARA SOFIA ', 'VARGAS', 'TAMAYO', 1, 1, NOW(), NOW(), '2', 6, '1075283124', '1', '2012-09-18');

INSERT INTO principal.datos_basicos( dba_codigo, dba_persona, dba_correo, dba_estado, dba_fechacreo, dba_fechamodifico, dba_personacreo, dba_personamodifico) VALUES (182, 91, 'sara.vargas@abc.edu.co', 1, NOW(), NOW(), 1, 1);

INSERT INTO principal.persona_tipopersona( ptp_codigo, ptp_tipopersona, ptp_persona, ptp_estado, ptp_fechacreo, ptp_fechamodifico, ptp_personacreo, ptp_personamodifico) VALUES (273, 5, 91, 1, NOW(), NOW(), 1, 1);

INSERT INTO principal.usepersona( use_codigo, per_codigo, use_pswd, use_estado, use_fechacreo, use_alias) VALUES (364, 91, '', '1', NOW(), '1075283124');

INSERT INTO principal.estado_ninio( eni_codigo, eni_ninio, eni_estado, eni_fechacreo, eni_fechamodifico, eni_personacreo, eni_personamodifico) VALUES (455, 91, 2, NOW(), NOW(), 1, 1);

INSERT INTO principal.persona( per_codigo, per_nombre, per_primerapellido, per_segundoapellido, per_personacreo, per_personamodifico, per_fechacreo, per_fechamodifico, per_genero, per_tipoidentificacion, per_identificacion, per_estado, per_fechanacimiento) VALUES (92, 'SAMUEL ', 'HERNÁNDEZ', 'POLANCO', 1, 1, NOW(), NOW(), '1', 6, '1077236034', '1', '2011-10-18');

INSERT INTO principal.datos_basicos( dba_codigo, dba_persona, dba_correo, dba_estado, dba_fechacreo, dba_fechamodifico, dba_personacreo, dba_personamodifico) VALUES (184, 92, 'samuel.hernandez@abc.edu.co', 1, NOW(), NOW(), 1, 1);

INSERT INTO principal.persona_tipopersona( ptp_codigo, ptp_tipopersona, ptp_persona, ptp_estado, ptp_fechacreo, ptp_fechamodifico, ptp_personacreo, ptp_personamodifico) VALUES (276, 5, 92, 1, NOW(), NOW(), 1, 1);

INSERT INTO principal.usepersona( use_codigo, per_codigo, use_pswd, use_estado, use_fechacreo, use_alias) VALUES (368, 92, '', '1', NOW(), '1077236034');

INSERT INTO principal.estado_ninio( eni_codigo, eni_ninio, eni_estado, eni_fechacreo, eni_fechamodifico, eni_personacreo, eni_personamodifico) VALUES (460, 92, 2, NOW(), NOW(), 1, 1);

INSERT INTO principal.persona( per_codigo, per_nombre, per_primerapellido, per_segundoapellido, per_personacreo, per_personamodifico, per_fechacreo, per_fechamodifico, per_genero, per_tipoidentificacion, per_identificacion, per_estado, per_fechanacimiento) VALUES (93, 'JACK BRANDON', 'ARIAS', 'CERQUERA', 1, 1, NOW(), NOW(), '1', 6, '1075800371', '1', '2011-08-15');

INSERT INTO principal.datos_basicos( dba_codigo, dba_persona, dba_correo, dba_estado, dba_fechacreo, dba_fechamodifico, dba_personacreo, dba_personamodifico) VALUES (186, 93, 'brandon.arias@abc.edu.co', 1, NOW(), NOW(), 1, 1);

INSERT INTO principal.persona_tipopersona( ptp_codigo, ptp_tipopersona, ptp_persona, ptp_estado, ptp_fechacreo, ptp_fechamodifico, ptp_personacreo, ptp_personamodifico) VALUES (279, 5, 93, 1, NOW(), NOW(), 1, 1);

INSERT INTO principal.usepersona( use_codigo, per_codigo, use_pswd, use_estado, use_fechacreo, use_alias) VALUES (372, 93, '', '1', NOW(), '1075800371');

INSERT INTO principal.estado_ninio( eni_codigo, eni_ninio, eni_estado, eni_fechacreo, eni_fechamodifico, eni_personacreo, eni_personamodifico) VALUES (465, 93, 2, NOW(), NOW(), 1, 1);

INSERT INTO principal.persona( per_codigo, per_nombre, per_primerapellido, per_segundoapellido, per_personacreo, per_personamodifico, per_fechacreo, per_fechamodifico, per_genero, per_tipoidentificacion, per_identificacion, per_estado, per_fechanacimiento) VALUES (94, 'ISABELLA', 'GUTIERREZ', 'SANDOVAL', 1, 1, NOW(), NOW(), '2', 6, '1076509638', '1', '2012-08-24');

INSERT INTO principal.datos_basicos( dba_codigo, dba_persona, dba_correo, dba_estado, dba_fechacreo, dba_fechamodifico, dba_personacreo, dba_personamodifico) VALUES (188, 94, 'isabella.gutierrez@abc.edu.co', 1, NOW(), NOW(), 1, 1);

INSERT INTO principal.persona_tipopersona( ptp_codigo, ptp_tipopersona, ptp_persona, ptp_estado, ptp_fechacreo, ptp_fechamodifico, ptp_personacreo, ptp_personamodifico) VALUES (282, 5, 94, 1, NOW(), NOW(), 1, 1);

INSERT INTO principal.usepersona( use_codigo, per_codigo, use_pswd, use_estado, use_fechacreo, use_alias) VALUES (376, 94, '', '1', NOW(), '1076509638');

INSERT INTO principal.estado_ninio( eni_codigo, eni_ninio, eni_estado, eni_fechacreo, eni_fechamodifico, eni_personacreo, eni_personamodifico) VALUES (470, 94, 2, NOW(), NOW(), 1, 1);

INSERT INTO principal.persona( per_codigo, per_nombre, per_primerapellido, per_segundoapellido, per_personacreo, per_personamodifico, per_fechacreo, per_fechamodifico, per_genero, per_tipoidentificacion, per_identificacion, per_estado, per_fechanacimiento) VALUES (95, 'JHOAN SEBASTIAN', 'GONZALEZ', 'ROJAS', 1, 1, NOW(), NOW(), '1', 6, '1077237745', '1', '2012-12-05');

INSERT INTO principal.datos_basicos( dba_codigo, dba_persona, dba_correo, dba_estado, dba_fechacreo, dba_fechamodifico, dba_personacreo, dba_personamodifico) VALUES (190, 95, 'jhoan.gonzalez@abc.edu.co', 1, NOW(), NOW(), 1, 1);

INSERT INTO principal.persona_tipopersona( ptp_codigo, ptp_tipopersona, ptp_persona, ptp_estado, ptp_fechacreo, ptp_fechamodifico, ptp_personacreo, ptp_personamodifico) VALUES (285, 5, 95, 1, NOW(), NOW(), 1, 1);

INSERT INTO principal.usepersona( use_codigo, per_codigo, use_pswd, use_estado, use_fechacreo, use_alias) VALUES (380, 95, '', '1', NOW(), '1077237745');

INSERT INTO principal.estado_ninio( eni_codigo, eni_ninio, eni_estado, eni_fechacreo, eni_fechamodifico, eni_personacreo, eni_personamodifico) VALUES (475, 95, 2, NOW(), NOW(), 1, 1);

INSERT INTO principal.persona( per_codigo, per_nombre, per_primerapellido, per_segundoapellido, per_personacreo, per_personamodifico, per_fechacreo, per_fechamodifico, per_genero, per_tipoidentificacion, per_identificacion, per_estado, per_fechanacimiento) VALUES (96, 'ALEJANDRO', 'URIBE', 'TRUJILLO', 1, 1, NOW(), NOW(), '1', 6, '1077729922', '1', '2013-01-24');

INSERT INTO principal.datos_basicos( dba_codigo, dba_persona, dba_correo, dba_estado, dba_fechacreo, dba_fechamodifico, dba_personacreo, dba_personamodifico) VALUES (192, 96, 'alejandro.uribe@abc.edu.co', 1, NOW(), NOW(), 1, 1);

INSERT INTO principal.persona_tipopersona( ptp_codigo, ptp_tipopersona, ptp_persona, ptp_estado, ptp_fechacreo, ptp_fechamodifico, ptp_personacreo, ptp_personamodifico) VALUES (288, 5, 96, 1, NOW(), NOW(), 1, 1);

INSERT INTO principal.usepersona( use_codigo, per_codigo, use_pswd, use_estado, use_fechacreo, use_alias) VALUES (384, 96, '', '1', NOW(), '1077729922');

INSERT INTO principal.estado_ninio( eni_codigo, eni_ninio, eni_estado, eni_fechacreo, eni_fechamodifico, eni_personacreo, eni_personamodifico) VALUES (480, 96, 2, NOW(), NOW(), 1, 1);

INSERT INTO principal.persona( per_codigo, per_nombre, per_primerapellido, per_segundoapellido, per_personacreo, per_personamodifico, per_fechacreo, per_fechamodifico, per_genero, per_tipoidentificacion, per_identificacion, per_estado, per_fechanacimiento) VALUES (97, 'SARAHI', 'MARIN', 'BAUTISTA', 1, 1, NOW(), NOW(), '2', 6, '1076911869', '1', '2012-01-03');

INSERT INTO principal.datos_basicos( dba_codigo, dba_persona, dba_correo, dba_estado, dba_fechacreo, dba_fechamodifico, dba_personacreo, dba_personamodifico) VALUES (194, 97, 'sarahi.marin@abc.edu.co', 1, NOW(), NOW(), 1, 1);

INSERT INTO principal.persona_tipopersona( ptp_codigo, ptp_tipopersona, ptp_persona, ptp_estado, ptp_fechacreo, ptp_fechamodifico, ptp_personacreo, ptp_personamodifico) VALUES (291, 5, 97, 1, NOW(), NOW(), 1, 1);

INSERT INTO principal.usepersona( use_codigo, per_codigo, use_pswd, use_estado, use_fechacreo, use_alias) VALUES (388, 97, '', '1', NOW(), '1076911869');

INSERT INTO principal.estado_ninio( eni_codigo, eni_ninio, eni_estado, eni_fechacreo, eni_fechamodifico, eni_personacreo, eni_personamodifico) VALUES (485, 97, 2, NOW(), NOW(), 1, 1);

INSERT INTO principal.persona( per_codigo, per_nombre, per_primerapellido, per_segundoapellido, per_personacreo, per_personamodifico, per_fechacreo, per_fechamodifico, per_genero, per_tipoidentificacion, per_identificacion, per_estado, per_fechanacimiento) VALUES (98, 'ISABELLA ', 'MOREA', 'CAÑON', 1, 1, NOW(), NOW(), '2', 6, '1076913195', '1', '2012-09-27');

INSERT INTO principal.datos_basicos( dba_codigo, dba_persona, dba_correo, dba_estado, dba_fechacreo, dba_fechamodifico, dba_personacreo, dba_personamodifico) VALUES (196, 98, 'isabella.morea@abc.edu.co', 1, NOW(), NOW(), 1, 1);

INSERT INTO principal.persona_tipopersona( ptp_codigo, ptp_tipopersona, ptp_persona, ptp_estado, ptp_fechacreo, ptp_fechamodifico, ptp_personacreo, ptp_personamodifico) VALUES (294, 5, 98, 1, NOW(), NOW(), 1, 1);

INSERT INTO principal.usepersona( use_codigo, per_codigo, use_pswd, use_estado, use_fechacreo, use_alias) VALUES (392, 98, '', '1', NOW(), '1076913195');

INSERT INTO principal.estado_ninio( eni_codigo, eni_ninio, eni_estado, eni_fechacreo, eni_fechamodifico, eni_personacreo, eni_personamodifico) VALUES (490, 98, 2, NOW(), NOW(), 1, 1);

INSERT INTO principal.persona( per_codigo, per_nombre, per_primerapellido, per_segundoapellido, per_personacreo, per_personamodifico, per_fechacreo, per_fechamodifico, per_genero, per_tipoidentificacion, per_identificacion, per_estado, per_fechanacimiento) VALUES (99, 'EMILY LUCIANA', 'GONZALEZ', 'AREVALO', 1, 1, NOW(), NOW(), '2', 6, '1141339764', '1', '2013-01-13');

INSERT INTO principal.datos_basicos( dba_codigo, dba_persona, dba_correo, dba_estado, dba_fechacreo, dba_fechamodifico, dba_personacreo, dba_personamodifico) VALUES (198, 99, 'emely.gonzalez@abc.edu.co', 1, NOW(), NOW(), 1, 1);

INSERT INTO principal.persona_tipopersona( ptp_codigo, ptp_tipopersona, ptp_persona, ptp_estado, ptp_fechacreo, ptp_fechamodifico, ptp_personacreo, ptp_personamodifico) VALUES (297, 5, 99, 1, NOW(), NOW(), 1, 1);

INSERT INTO principal.usepersona( use_codigo, per_codigo, use_pswd, use_estado, use_fechacreo, use_alias) VALUES (396, 99, '', '1', NOW(), '1141339764');

INSERT INTO principal.estado_ninio( eni_codigo, eni_ninio, eni_estado, eni_fechacreo, eni_fechamodifico, eni_personacreo, eni_personamodifico) VALUES (495, 99, 2, NOW(), NOW(), 1, 1);

