INSERT INTO principal.persona( per_codigo, per_nombre, per_primerapellido, per_segundoapellido, per_personacreo, per_personamodifico, per_fechacreo, per_fechamodifico, per_genero, per_tipoidentificacion, per_identificacion, per_estado) VALUES (133, 'CRISTHIAN JULIÁN', 'ANDRADE', 'HERNÁNDEZ', 1, 1, NOW(), NOW(), '1', 6, '1075253054', '1');

INSERT INTO principal.datos_basicos( dba_codigo, dba_persona, dba_correo, dba_estado, dba_fechacreo, dba_fechamodifico, dba_personacreo, dba_personamodifico) VALUES (266, 133, '', 1, NOW(), NOW(), 1, 1);

INSERT INTO principal.persona_tipopersona( ptp_codigo, ptp_tipopersona, ptp_persona, ptp_estado, ptp_fechacreo, ptp_fechamodifico, ptp_personacreo, ptp_personamodifico) VALUES (399, 4, 133, 1, NOW(), NOW(), 1, 1);

INSERT INTO principal.usepersona( use_codigo, per_codigo, use_pswd, use_estado, use_fechacreo, use_alias) VALUES (532, 133, '', '1', NOW(), '1075253054');

INSERT INTO principal.persona( per_codigo, per_nombre, per_primerapellido, per_segundoapellido, per_personacreo, per_personamodifico, per_fechacreo, per_fechamodifico, per_genero, per_tipoidentificacion, per_identificacion, per_estado) VALUES (134, 'JUAN CARLOS', 'ORTIZ', 'VILLARREAL', 1, 1, NOW(), NOW(), '1', 6, '7687389', '1');

INSERT INTO principal.datos_basicos( dba_codigo, dba_persona, dba_correo, dba_estado, dba_fechacreo, dba_fechamodifico, dba_personacreo, dba_personamodifico) VALUES (268, 134, 'tallerloscoches@hotmail.com', 1, NOW(), NOW(), 1, 1);

INSERT INTO principal.persona_tipopersona( ptp_codigo, ptp_tipopersona, ptp_persona, ptp_estado, ptp_fechacreo, ptp_fechamodifico, ptp_personacreo, ptp_personamodifico) VALUES (402, 4, 134, 1, NOW(), NOW(), 1, 1);

INSERT INTO principal.usepersona( use_codigo, per_codigo, use_pswd, use_estado, use_fechacreo, use_alias) VALUES (536, 134, '', '1', NOW(), '7687389');

INSERT INTO principal.persona( per_codigo, per_nombre, per_primerapellido, per_segundoapellido, per_personacreo, per_personamodifico, per_fechacreo, per_fechamodifico, per_genero, per_tipoidentificacion, per_identificacion, per_estado) VALUES (135, 'JORGE EDUARDO', 'CARDOZO', 'ORTIZ', 1, 1, NOW(), NOW(), '1', 6, '83222290', '1');

INSERT INTO principal.datos_basicos( dba_codigo, dba_persona, dba_correo, dba_estado, dba_fechacreo, dba_fechamodifico, dba_personacreo, dba_personamodifico) VALUES (270, 135, 'georgeedwars@hotmail.com', 1, NOW(), NOW(), 1, 1);

INSERT INTO principal.persona_tipopersona( ptp_codigo, ptp_tipopersona, ptp_persona, ptp_estado, ptp_fechacreo, ptp_fechamodifico, ptp_personacreo, ptp_personamodifico) VALUES (405, 4, 135, 1, NOW(), NOW(), 1, 1);

INSERT INTO principal.usepersona( use_codigo, per_codigo, use_pswd, use_estado, use_fechacreo, use_alias) VALUES (540, 135, '', '1', NOW(), '83222290');

INSERT INTO principal.persona( per_codigo, per_nombre, per_primerapellido, per_segundoapellido, per_personacreo, per_personamodifico, per_fechacreo, per_fechamodifico, per_genero, per_tipoidentificacion, per_identificacion, per_estado) VALUES (136, 'PABLO EMILIO', 'POLANCO', 'CEDEÑO', 1, 1, NOW(), NOW(), '1', 6, '7725116', '1');

INSERT INTO principal.datos_basicos( dba_codigo, dba_persona, dba_correo, dba_estado, dba_fechacreo, dba_fechamodifico, dba_personacreo, dba_personamodifico) VALUES (272, 136, '', 1, NOW(), NOW(), 1, 1);

INSERT INTO principal.persona_tipopersona( ptp_codigo, ptp_tipopersona, ptp_persona, ptp_estado, ptp_fechacreo, ptp_fechamodifico, ptp_personacreo, ptp_personamodifico) VALUES (408, 4, 136, 1, NOW(), NOW(), 1, 1);

INSERT INTO principal.usepersona( use_codigo, per_codigo, use_pswd, use_estado, use_fechacreo, use_alias) VALUES (544, 136, '', '1', NOW(), '7725116');

INSERT INTO principal.persona( per_codigo, per_nombre, per_primerapellido, per_segundoapellido, per_personacreo, per_personamodifico, per_fechacreo, per_fechamodifico, per_genero, per_tipoidentificacion, per_identificacion, per_estado) VALUES (137, 'CARLOS AUGUSTO', 'BERMÚDEZ', 'VÁSQUEZ', 1, 1, NOW(), NOW(), '1', 6, '1075210787', '1');

INSERT INTO principal.datos_basicos( dba_codigo, dba_persona, dba_correo, dba_estado, dba_fechacreo, dba_fechamodifico, dba_personacreo, dba_personamodifico) VALUES (274, 137, 'carlos.bermudezvasquez@hotmail.com', 1, NOW(), NOW(), 1, 1);

INSERT INTO principal.persona_tipopersona( ptp_codigo, ptp_tipopersona, ptp_persona, ptp_estado, ptp_fechacreo, ptp_fechamodifico, ptp_personacreo, ptp_personamodifico) VALUES (411, 4, 137, 1, NOW(), NOW(), 1, 1);

INSERT INTO principal.usepersona( use_codigo, per_codigo, use_pswd, use_estado, use_fechacreo, use_alias) VALUES (548, 137, '', '1', NOW(), '1075210787');

INSERT INTO principal.persona( per_codigo, per_nombre, per_primerapellido, per_segundoapellido, per_personacreo, per_personamodifico, per_fechacreo, per_fechamodifico, per_genero, per_tipoidentificacion, per_identificacion, per_estado) VALUES (138, 'OSMAN LEANDRO', 'LIZCANO', 'FLOREZ', 1, 1, NOW(), NOW(), '1', 6, '1075211116', '1');

INSERT INTO principal.datos_basicos( dba_codigo, dba_persona, dba_correo, dba_estado, dba_fechacreo, dba_fechamodifico, dba_personacreo, dba_personamodifico) VALUES (276, 138, 'olizcanof@gmail.com', 1, NOW(), NOW(), 1, 1);

INSERT INTO principal.persona_tipopersona( ptp_codigo, ptp_tipopersona, ptp_persona, ptp_estado, ptp_fechacreo, ptp_fechamodifico, ptp_personacreo, ptp_personamodifico) VALUES (414, 4, 138, 1, NOW(), NOW(), 1, 1);

INSERT INTO principal.usepersona( use_codigo, per_codigo, use_pswd, use_estado, use_fechacreo, use_alias) VALUES (552, 138, '', '1', NOW(), '1075211116');

INSERT INTO principal.persona( per_codigo, per_nombre, per_primerapellido, per_segundoapellido, per_personacreo, per_personamodifico, per_fechacreo, per_fechamodifico, per_genero, per_tipoidentificacion, per_identificacion, per_estado) VALUES (139, 'EDWARDS', 'AVILEZ', 'TICORA', 1, 1, NOW(), NOW(), '1', 6, '83117266', '1');

INSERT INTO principal.datos_basicos( dba_codigo, dba_persona, dba_correo, dba_estado, dba_fechacreo, dba_fechamodifico, dba_personacreo, dba_personamodifico) VALUES (278, 139, 'edward-357@hotmail.com', 1, NOW(), NOW(), 1, 1);

INSERT INTO principal.persona_tipopersona( ptp_codigo, ptp_tipopersona, ptp_persona, ptp_estado, ptp_fechacreo, ptp_fechamodifico, ptp_personacreo, ptp_personamodifico) VALUES (417, 4, 139, 1, NOW(), NOW(), 1, 1);

INSERT INTO principal.usepersona( use_codigo, per_codigo, use_pswd, use_estado, use_fechacreo, use_alias) VALUES (556, 139, '', '1', NOW(), '83117266');

INSERT INTO principal.persona( per_codigo, per_nombre, per_primerapellido, per_segundoapellido, per_personacreo, per_personamodifico, per_fechacreo, per_fechamodifico, per_genero, per_tipoidentificacion, per_identificacion, per_estado) VALUES (140, 'LEIVER GERSON', 'DIAZ', 'RODRIGUEZ', 1, 1, NOW(), NOW(), '1', 6, '83242877', '1');

INSERT INTO principal.datos_basicos( dba_codigo, dba_persona, dba_correo, dba_estado, dba_fechacreo, dba_fechamodifico, dba_personacreo, dba_personamodifico) VALUES (280, 140, 'leivergdr@yahoo.com', 1, NOW(), NOW(), 1, 1);

INSERT INTO principal.persona_tipopersona( ptp_codigo, ptp_tipopersona, ptp_persona, ptp_estado, ptp_fechacreo, ptp_fechamodifico, ptp_personacreo, ptp_personamodifico) VALUES (420, 4, 140, 1, NOW(), NOW(), 1, 1);

INSERT INTO principal.usepersona( use_codigo, per_codigo, use_pswd, use_estado, use_fechacreo, use_alias) VALUES (560, 140, '', '1', NOW(), '83242877');

INSERT INTO principal.persona( per_codigo, per_nombre, per_primerapellido, per_segundoapellido, per_personacreo, per_personamodifico, per_fechacreo, per_fechamodifico, per_genero, per_tipoidentificacion, per_identificacion, per_estado) VALUES (141, 'FELIPE ANDRÉS ', 'CERQUERA ', 'RIVERA', 1, 1, NOW(), NOW(), '1', 6, '7732282', '1');

INSERT INTO principal.datos_basicos( dba_codigo, dba_persona, dba_correo, dba_estado, dba_fechacreo, dba_fechamodifico, dba_personacreo, dba_personamodifico) VALUES (282, 141, 'felipecer_732@hotmail.com', 1, NOW(), NOW(), 1, 1);

INSERT INTO principal.persona_tipopersona( ptp_codigo, ptp_tipopersona, ptp_persona, ptp_estado, ptp_fechacreo, ptp_fechamodifico, ptp_personacreo, ptp_personamodifico) VALUES (423, 4, 141, 1, NOW(), NOW(), 1, 1);

INSERT INTO principal.usepersona( use_codigo, per_codigo, use_pswd, use_estado, use_fechacreo, use_alias) VALUES (564, 141, '', '1', NOW(), '7732282');

INSERT INTO principal.persona( per_codigo, per_nombre, per_primerapellido, per_segundoapellido, per_personacreo, per_personamodifico, per_fechacreo, per_fechamodifico, per_genero, per_tipoidentificacion, per_identificacion, per_estado) VALUES (142, 'CARLOS ANDRES', 'CORTES', 'NUÑEZ', 1, 1, NOW(), NOW(), '1', 6, '80097582', '1');

INSERT INTO principal.datos_basicos( dba_codigo, dba_persona, dba_correo, dba_estado, dba_fechacreo, dba_fechamodifico, dba_personacreo, dba_personamodifico) VALUES (284, 142, 'cortecarlos@hotmail.com', 1, NOW(), NOW(), 1, 1);

INSERT INTO principal.persona_tipopersona( ptp_codigo, ptp_tipopersona, ptp_persona, ptp_estado, ptp_fechacreo, ptp_fechamodifico, ptp_personacreo, ptp_personamodifico) VALUES (426, 4, 142, 1, NOW(), NOW(), 1, 1);

INSERT INTO principal.usepersona( use_codigo, per_codigo, use_pswd, use_estado, use_fechacreo, use_alias) VALUES (568, 142, '', '1', NOW(), '80097582');
