INSERT INTO principal.persona( per_codigo, per_nombre, per_primerapellido, per_segundoapellido, per_personacreo, per_personamodifico, per_fechacreo, per_fechamodifico, per_genero, per_tipoidentificacion, per_identificacion, per_estado) VALUES (143, 'CARLOS EDUARDO', 'MEDINA', 'ANDRADE', 1, 1, NOW(), NOW(), '1', 6, '"7704078', '1');

INSERT INTO principal.datos_basicos( dba_codigo, dba_persona, dba_correo, dba_estado, dba_fechacreo, dba_fechamodifico, dba_personacreo, dba_personamodifico) VALUES (286, 143, '', 1, NOW(), NOW(), 1, 1);

INSERT INTO principal.persona_tipopersona( ptp_codigo, ptp_tipopersona, ptp_persona, ptp_estado, ptp_fechacreo, ptp_fechamodifico, ptp_personacreo, ptp_personamodifico) VALUES (429, 4, 143, 1, NOW(), NOW(), 1, 1);

INSERT INTO principal.usepersona( use_codigo, per_codigo, use_pswd, use_estado, use_fechacreo, use_alias) VALUES (572, 143, '', '1', NOW(), '"7704078');

INSERT INTO principal.persona( per_codigo, per_nombre, per_primerapellido, per_segundoapellido, per_personacreo, per_personamodifico, per_fechacreo, per_fechamodifico, per_genero, per_tipoidentificacion, per_identificacion, per_estado) VALUES (144, 'DANIEL FELIPE', 'CRUZ', 'PASTRANA', 1, 1, NOW(), NOW(), '1', 6, '"7732988', '1');

INSERT INTO principal.datos_basicos( dba_codigo, dba_persona, dba_correo, dba_estado, dba_fechacreo, dba_fechamodifico, dba_personacreo, dba_personamodifico) VALUES (288, 144, 'danielcrupas@gmail.com', 1, NOW(), NOW(), 1, 1);

INSERT INTO principal.persona_tipopersona( ptp_codigo, ptp_tipopersona, ptp_persona, ptp_estado, ptp_fechacreo, ptp_fechamodifico, ptp_personacreo, ptp_personamodifico) VALUES (432, 4, 144, 1, NOW(), NOW(), 1, 1);

INSERT INTO principal.usepersona( use_codigo, per_codigo, use_pswd, use_estado, use_fechacreo, use_alias) VALUES (576, 144, '', '1', NOW(), '"7732988');

INSERT INTO principal.persona( per_codigo, per_nombre, per_primerapellido, per_segundoapellido, per_personacreo, per_personamodifico, per_fechacreo, per_fechamodifico, per_genero, per_tipoidentificacion, per_identificacion, per_estado) VALUES (145, 'ALBERTO', 'CASTRO', 'PERDOMO', 1, 1, NOW(), NOW(), '1', 6, '"7688864', '1');

INSERT INTO principal.datos_basicos( dba_codigo, dba_persona, dba_correo, dba_estado, dba_fechacreo, dba_fechamodifico, dba_personacreo, dba_personamodifico) VALUES (290, 145, 'betociclyng@hotmail.com', 1, NOW(), NOW(), 1, 1);

INSERT INTO principal.persona_tipopersona( ptp_codigo, ptp_tipopersona, ptp_persona, ptp_estado, ptp_fechacreo, ptp_fechamodifico, ptp_personacreo, ptp_personamodifico) VALUES (435, 4, 145, 1, NOW(), NOW(), 1, 1);

INSERT INTO principal.usepersona( use_codigo, per_codigo, use_pswd, use_estado, use_fechacreo, use_alias) VALUES (580, 145, '', '1', NOW(), '"7688864');

INSERT INTO principal.persona( per_codigo, per_nombre, per_primerapellido, per_segundoapellido, per_personacreo, per_personamodifico, per_fechacreo, per_fechamodifico, per_genero, per_tipoidentificacion, per_identificacion, per_estado) VALUES (146, 'ELMER', 'POLANIA', 'NINCO', 1, 1, NOW(), NOW(), '1', 6, '"7715345', '1');

INSERT INTO principal.datos_basicos( dba_codigo, dba_persona, dba_correo, dba_estado, dba_fechacreo, dba_fechamodifico, dba_personacreo, dba_personamodifico) VALUES (292, 146, 'elmerpolania@gmail.com', 1, NOW(), NOW(), 1, 1);

INSERT INTO principal.persona_tipopersona( ptp_codigo, ptp_tipopersona, ptp_persona, ptp_estado, ptp_fechacreo, ptp_fechamodifico, ptp_personacreo, ptp_personamodifico) VALUES (438, 4, 146, 1, NOW(), NOW(), 1, 1);

INSERT INTO principal.usepersona( use_codigo, per_codigo, use_pswd, use_estado, use_fechacreo, use_alias) VALUES (584, 146, '', '1', NOW(), '"7715345');

INSERT INTO principal.persona( per_codigo, per_nombre, per_primerapellido, per_segundoapellido, per_personacreo, per_personamodifico, per_fechacreo, per_fechamodifico, per_genero, per_tipoidentificacion, per_identificacion, per_estado) VALUES (147, 'JORGE EDUARDO', 'ORTIZ', 'DUSSAN', 1, 1, NOW(), NOW(), '1', 6, '"7699809', '1');

INSERT INTO principal.datos_basicos( dba_codigo, dba_persona, dba_correo, dba_estado, dba_fechacreo, dba_fechamodifico, dba_personacreo, dba_personamodifico) VALUES (294, 147, 'ingjrod@hotmail.com', 1, NOW(), NOW(), 1, 1);

INSERT INTO principal.persona_tipopersona( ptp_codigo, ptp_tipopersona, ptp_persona, ptp_estado, ptp_fechacreo, ptp_fechamodifico, ptp_personacreo, ptp_personamodifico) VALUES (441, 4, 147, 1, NOW(), NOW(), 1, 1);

INSERT INTO principal.usepersona( use_codigo, per_codigo, use_pswd, use_estado, use_fechacreo, use_alias) VALUES (588, 147, '', '1', NOW(), '"7699809');

INSERT INTO principal.persona( per_codigo, per_nombre, per_primerapellido, per_segundoapellido, per_personacreo, per_personamodifico, per_fechacreo, per_fechamodifico, per_genero, per_tipoidentificacion, per_identificacion, per_estado) VALUES (148, 'JAVIER MAURICIO', 'RIVERA', '', 1, 1, NOW(), NOW(), '1', 6, '"7695546', '1');

INSERT INTO principal.datos_basicos( dba_codigo, dba_persona, dba_correo, dba_estado, dba_fechacreo, dba_fechamodifico, dba_personacreo, dba_personamodifico) VALUES (296, 148, 'javiermrivera@hotmail.com', 1, NOW(), NOW(), 1, 1);

INSERT INTO principal.persona_tipopersona( ptp_codigo, ptp_tipopersona, ptp_persona, ptp_estado, ptp_fechacreo, ptp_fechamodifico, ptp_personacreo, ptp_personamodifico) VALUES (444, 4, 148, 1, NOW(), NOW(), 1, 1);

INSERT INTO principal.usepersona( use_codigo, per_codigo, use_pswd, use_estado, use_fechacreo, use_alias) VALUES (592, 148, '', '1', NOW(), '"7695546');

INSERT INTO principal.persona( per_codigo, per_nombre, per_primerapellido, per_segundoapellido, per_personacreo, per_personamodifico, per_fechacreo, per_fechamodifico, per_genero, per_tipoidentificacion, per_identificacion, per_estado) VALUES (149, 'GIOVANI HUMBERTO', 'PERDOMO', 'MOSQUERA', 1, 1, NOW(), NOW(), '1', 6, '"83222196', '1');

INSERT INTO principal.datos_basicos( dba_codigo, dba_persona, dba_correo, dba_estado, dba_fechacreo, dba_fechamodifico, dba_personacreo, dba_personamodifico) VALUES (298, 149, 'giovaniperdomo.imporgas@hotmail.com', 1, NOW(), NOW(), 1, 1);

INSERT INTO principal.persona_tipopersona( ptp_codigo, ptp_tipopersona, ptp_persona, ptp_estado, ptp_fechacreo, ptp_fechamodifico, ptp_personacreo, ptp_personamodifico) VALUES (447, 4, 149, 1, NOW(), NOW(), 1, 1);

INSERT INTO principal.usepersona( use_codigo, per_codigo, use_pswd, use_estado, use_fechacreo, use_alias) VALUES (596, 149, '', '1', NOW(), '"83222196');

INSERT INTO principal.persona( per_codigo, per_nombre, per_primerapellido, per_segundoapellido, per_personacreo, per_personamodifico, per_fechacreo, per_fechamodifico, per_genero, per_tipoidentificacion, per_identificacion, per_estado) VALUES (150, 'ANDRIAN FERNANDO ', 'ENDO', 'PÉREZ', 1, 1, NOW(), NOW(), '1', 6, '"1082214614', '1');

INSERT INTO principal.datos_basicos( dba_codigo, dba_persona, dba_correo, dba_estado, dba_fechacreo, dba_fechamodifico, dba_personacreo, dba_personamodifico) VALUES (300, 150, 'endo07@hotmail.com', 1, NOW(), NOW(), 1, 1);

INSERT INTO principal.persona_tipopersona( ptp_codigo, ptp_tipopersona, ptp_persona, ptp_estado, ptp_fechacreo, ptp_fechamodifico, ptp_personacreo, ptp_personamodifico) VALUES (450, 4, 150, 1, NOW(), NOW(), 1, 1);

INSERT INTO principal.usepersona( use_codigo, per_codigo, use_pswd, use_estado, use_fechacreo, use_alias) VALUES (600, 150, '', '1', NOW(), '"1082214614');

INSERT INTO principal.persona( per_codigo, per_nombre, per_primerapellido, per_segundoapellido, per_personacreo, per_personamodifico, per_fechacreo, per_fechamodifico, per_genero, per_tipoidentificacion, per_identificacion, per_estado) VALUES (151, 'JAVIER MAURICIO', 'POSADA ', 'DIAZ', 1, 1, NOW(), NOW(), '1', 6, '"7713293"', '1');

INSERT INTO principal.datos_basicos( dba_codigo, dba_persona, dba_correo, dba_estado, dba_fechacreo, dba_fechamodifico, dba_personacreo, dba_personamodifico) VALUES (302, 151, 'javierposada@yahoo.es', 1, NOW(), NOW(), 1, 1);

INSERT INTO principal.persona_tipopersona( ptp_codigo, ptp_tipopersona, ptp_persona, ptp_estado, ptp_fechacreo, ptp_fechamodifico, ptp_personacreo, ptp_personamodifico) VALUES (453, 4, 151, 1, NOW(), NOW(), 1, 1);

INSERT INTO principal.usepersona( use_codigo, per_codigo, use_pswd, use_estado, use_fechacreo, use_alias) VALUES (604, 151, '', '1', NOW(), '"7713293"');

INSERT INTO principal.persona( per_codigo, per_nombre, per_primerapellido, per_segundoapellido, per_personacreo, per_personamodifico, per_fechacreo, per_fechamodifico, per_genero, per_tipoidentificacion, per_identificacion, per_estado) VALUES (152, 'DIEGO FERNANDO', 'PABON', 'LOPEZ', 1, 1, NOW(), NOW(), '1', 6, '"76315288', '1');

INSERT INTO principal.datos_basicos( dba_codigo, dba_persona, dba_correo, dba_estado, dba_fechacreo, dba_fechamodifico, dba_personacreo, dba_personamodifico) VALUES (304, 152, 'diegofdo.pabon@gmail.com', 1, NOW(), NOW(), 1, 1);

INSERT INTO principal.persona_tipopersona( ptp_codigo, ptp_tipopersona, ptp_persona, ptp_estado, ptp_fechacreo, ptp_fechamodifico, ptp_personacreo, ptp_personamodifico) VALUES (456, 4, 152, 1, NOW(), NOW(), 1, 1);

INSERT INTO principal.usepersona( use_codigo, per_codigo, use_pswd, use_estado, use_fechacreo, use_alias) VALUES (608, 152, '', '1', NOW(), '"76315288');
