INSERT INTO principal.persona( per_codigo, per_nombre, per_primerapellido, per_segundoapellido, per_personacreo, per_personamodifico, per_fechacreo, per_fechamodifico, per_genero, per_tipoidentificacion, per_identificacion, per_estado) VALUES (163, 'MAURICIO', 'MOSQUERA', 'ESPINOSA', 1, 1, NOW(), NOW(), '1', 1, '7719496', '1');

INSERT INTO principal.datos_basicos( dba_codigo, dba_persona, dba_correo, dba_estado, dba_fechacreo, dba_fechamodifico, dba_personacreo, dba_personamodifico) VALUES (326, 163, 'chandlergold@hotmail.com', 1, NOW(), NOW(), 1, 1);

INSERT INTO principal.persona_tipopersona( ptp_codigo, ptp_tipopersona, ptp_persona, ptp_estado, ptp_fechacreo, ptp_fechamodifico, ptp_personacreo, ptp_personamodifico) VALUES (489, 4, 163, 1, NOW(), NOW(), 1, 1);

INSERT INTO principal.usepersona( use_codigo, per_codigo, use_pswd, use_estado, use_fechacreo, use_alias) VALUES (652, 163, '', '1', NOW(), '7719496');

INSERT INTO principal.persona( per_codigo, per_nombre, per_primerapellido, per_segundoapellido, per_personacreo, per_personamodifico, per_fechacreo, per_fechamodifico, per_genero, per_tipoidentificacion, per_identificacion, per_estado) VALUES (164, 'DIEGO FERNANDO', 'CASTRO', 'ALMARIO', 1, 1, NOW(), NOW(), '1', 1, '80033935', '1');

INSERT INTO principal.datos_basicos( dba_codigo, dba_persona, dba_correo, dba_estado, dba_fechacreo, dba_fechamodifico, dba_personacreo, dba_personamodifico) VALUES (328, 164, 'alcafedi@hotmail.com', 1, NOW(), NOW(), 1, 1);

INSERT INTO principal.persona_tipopersona( ptp_codigo, ptp_tipopersona, ptp_persona, ptp_estado, ptp_fechacreo, ptp_fechamodifico, ptp_personacreo, ptp_personamodifico) VALUES (492, 4, 164, 1, NOW(), NOW(), 1, 1);

INSERT INTO principal.usepersona( use_codigo, per_codigo, use_pswd, use_estado, use_fechacreo, use_alias) VALUES (656, 164, '', '1', NOW(), '80033935');

INSERT INTO principal.persona( per_codigo, per_nombre, per_primerapellido, per_segundoapellido, per_personacreo, per_personamodifico, per_fechacreo, per_fechamodifico, per_genero, per_tipoidentificacion, per_identificacion, per_estado) VALUES (165, 'JORGE LUIS', 'MARTINEZ', 'MONTERROSA', 1, 1, NOW(), NOW(), '1', 1, '73165142', '1');

INSERT INTO principal.datos_basicos( dba_codigo, dba_persona, dba_correo, dba_estado, dba_fechacreo, dba_fechamodifico, dba_personacreo, dba_personamodifico) VALUES (330, 165, 'jm3838@hotmail.com', 1, NOW(), NOW(), 1, 1);

INSERT INTO principal.persona_tipopersona( ptp_codigo, ptp_tipopersona, ptp_persona, ptp_estado, ptp_fechacreo, ptp_fechamodifico, ptp_personacreo, ptp_personamodifico) VALUES (495, 4, 165, 1, NOW(), NOW(), 1, 1);

INSERT INTO principal.usepersona( use_codigo, per_codigo, use_pswd, use_estado, use_fechacreo, use_alias) VALUES (660, 165, '', '1', NOW(), '73165142');

INSERT INTO principal.persona( per_codigo, per_nombre, per_primerapellido, per_segundoapellido, per_personacreo, per_personamodifico, per_fechacreo, per_fechamodifico, per_genero, per_tipoidentificacion, per_identificacion, per_estado) VALUES (166, 'JORGE ALBERTO', 'ORTIZ', 'AGRESOTT', 1, 1, NOW(), NOW(), '1', 1, '10773296', '1');

INSERT INTO principal.datos_basicos( dba_codigo, dba_persona, dba_correo, dba_estado, dba_fechacreo, dba_fechamodifico, dba_personacreo, dba_personamodifico) VALUES (332, 166, 'jortizagresoth@gmail.com', 1, NOW(), NOW(), 1, 1);

INSERT INTO principal.persona_tipopersona( ptp_codigo, ptp_tipopersona, ptp_persona, ptp_estado, ptp_fechacreo, ptp_fechamodifico, ptp_personacreo, ptp_personamodifico) VALUES (498, 4, 166, 1, NOW(), NOW(), 1, 1);

INSERT INTO principal.usepersona( use_codigo, per_codigo, use_pswd, use_estado, use_fechacreo, use_alias) VALUES (664, 166, '', '1', NOW(), '10773296');

INSERT INTO principal.persona( per_codigo, per_nombre, per_primerapellido, per_segundoapellido, per_personacreo, per_personamodifico, per_fechacreo, per_fechamodifico, per_genero, per_tipoidentificacion, per_identificacion, per_estado) VALUES (167, 'WILMER ', 'ANAYA', 'PAREDES', 1, 1, NOW(), NOW(), '1', 1, '1082772840', '1');

INSERT INTO principal.datos_basicos( dba_codigo, dba_persona, dba_correo, dba_estado, dba_fechacreo, dba_fechamodifico, dba_personacreo, dba_personamodifico) VALUES (334, 167, 'wilpa1987@gmail.com', 1, NOW(), NOW(), 1, 1);

INSERT INTO principal.persona_tipopersona( ptp_codigo, ptp_tipopersona, ptp_persona, ptp_estado, ptp_fechacreo, ptp_fechamodifico, ptp_personacreo, ptp_personamodifico) VALUES (501, 4, 167, 1, NOW(), NOW(), 1, 1);

INSERT INTO principal.usepersona( use_codigo, per_codigo, use_pswd, use_estado, use_fechacreo, use_alias) VALUES (668, 167, '', '1', NOW(), '1082772840');

INSERT INTO principal.persona( per_codigo, per_nombre, per_primerapellido, per_segundoapellido, per_personacreo, per_personamodifico, per_fechacreo, per_fechamodifico, per_genero, per_tipoidentificacion, per_identificacion, per_estado) VALUES (168, 'DIEGO OMAR', 'CAQUIMBO ', 'MOTTA', 1, 1, NOW(), NOW(), '1', 1, '1075213609', '1');

INSERT INTO principal.datos_basicos( dba_codigo, dba_persona, dba_correo, dba_estado, dba_fechacreo, dba_fechamodifico, dba_personacreo, dba_personamodifico) VALUES (336, 168, 'diomcamo@hotmail.com', 1, NOW(), NOW(), 1, 1);

INSERT INTO principal.persona_tipopersona( ptp_codigo, ptp_tipopersona, ptp_persona, ptp_estado, ptp_fechacreo, ptp_fechamodifico, ptp_personacreo, ptp_personamodifico) VALUES (504, 4, 168, 1, NOW(), NOW(), 1, 1);

INSERT INTO principal.usepersona( use_codigo, per_codigo, use_pswd, use_estado, use_fechacreo, use_alias) VALUES (672, 168, '', '1', NOW(), '1075213609');

INSERT INTO principal.persona( per_codigo, per_nombre, per_primerapellido, per_segundoapellido, per_personacreo, per_personamodifico, per_fechacreo, per_fechamodifico, per_genero, per_tipoidentificacion, per_identificacion, per_estado) VALUES (169, 'JUAN CARLOS', 'MEJIA', 'REYES', 1, 1, NOW(), NOW(), '1', 1, '79716384', '1');

INSERT INTO principal.datos_basicos( dba_codigo, dba_persona, dba_correo, dba_estado, dba_fechacreo, dba_fechamodifico, dba_personacreo, dba_personamodifico) VALUES (338, 169, 'juancareyes75@gmail.com', 1, NOW(), NOW(), 1, 1);

INSERT INTO principal.persona_tipopersona( ptp_codigo, ptp_tipopersona, ptp_persona, ptp_estado, ptp_fechacreo, ptp_fechamodifico, ptp_personacreo, ptp_personamodifico) VALUES (507, 4, 169, 1, NOW(), NOW(), 1, 1);

INSERT INTO principal.usepersona( use_codigo, per_codigo, use_pswd, use_estado, use_fechacreo, use_alias) VALUES (676, 169, '', '1', NOW(), '79716384');

INSERT INTO principal.persona( per_codigo, per_nombre, per_primerapellido, per_segundoapellido, per_personacreo, per_personamodifico, per_fechacreo, per_fechamodifico, per_genero, per_tipoidentificacion, per_identificacion, per_estado) VALUES (170, 'HENRY ADOLFO', 'SORIANO', 'GUEVARA', 1, 1, NOW(), NOW(), '1', 1, '1075217302', '1');

INSERT INTO principal.datos_basicos( dba_codigo, dba_persona, dba_correo, dba_estado, dba_fechacreo, dba_fechamodifico, dba_personacreo, dba_personamodifico) VALUES (340, 170, 'sorianoguevara@hotmail.com', 1, NOW(), NOW(), 1, 1);

INSERT INTO principal.persona_tipopersona( ptp_codigo, ptp_tipopersona, ptp_persona, ptp_estado, ptp_fechacreo, ptp_fechamodifico, ptp_personacreo, ptp_personamodifico) VALUES (510, 4, 170, 1, NOW(), NOW(), 1, 1);

INSERT INTO principal.usepersona( use_codigo, per_codigo, use_pswd, use_estado, use_fechacreo, use_alias) VALUES (680, 170, '', '1', NOW(), '1075217302');

INSERT INTO principal.persona( per_codigo, per_nombre, per_primerapellido, per_segundoapellido, per_personacreo, per_personamodifico, per_fechacreo, per_fechamodifico, per_genero, per_tipoidentificacion, per_identificacion, per_estado) VALUES (171, 'ROGER ', 'MURCIA', 'TELLEZ', 1, 1, NOW(), NOW(), '1', 1, '7686178', '1');

INSERT INTO principal.datos_basicos( dba_codigo, dba_persona, dba_correo, dba_estado, dba_fechacreo, dba_fechamodifico, dba_personacreo, dba_personamodifico) VALUES (342, 171, 'rogermtellez@hotmail.com', 1, NOW(), NOW(), 1, 1);

INSERT INTO principal.persona_tipopersona( ptp_codigo, ptp_tipopersona, ptp_persona, ptp_estado, ptp_fechacreo, ptp_fechamodifico, ptp_personacreo, ptp_personamodifico) VALUES (513, 4, 171, 1, NOW(), NOW(), 1, 1);

INSERT INTO principal.usepersona( use_codigo, per_codigo, use_pswd, use_estado, use_fechacreo, use_alias) VALUES (684, 171, '', '1', NOW(), '7686178');

INSERT INTO principal.persona( per_codigo, per_nombre, per_primerapellido, per_segundoapellido, per_personacreo, per_personamodifico, per_fechacreo, per_fechamodifico, per_genero, per_tipoidentificacion, per_identificacion, per_estado) VALUES (172, 'CAMILO ', 'ESCOBAR', 'MARQUIN', 1, 1, NOW(), NOW(), '1', 1, '7718225', '1');

INSERT INTO principal.datos_basicos( dba_codigo, dba_persona, dba_correo, dba_estado, dba_fechacreo, dba_fechamodifico, dba_personacreo, dba_personamodifico) VALUES (344, 172, 'kamylo25@gmail.com', 1, NOW(), NOW(), 1, 1);

INSERT INTO principal.persona_tipopersona( ptp_codigo, ptp_tipopersona, ptp_persona, ptp_estado, ptp_fechacreo, ptp_fechamodifico, ptp_personacreo, ptp_personamodifico) VALUES (516, 4, 172, 1, NOW(), NOW(), 1, 1);

INSERT INTO principal.usepersona( use_codigo, per_codigo, use_pswd, use_estado, use_fechacreo, use_alias) VALUES (688, 172, '', '1', NOW(), '7718225');
