INSERT INTO principal.persona( per_codigo, per_nombre, per_primerapellido, per_segundoapellido, per_personacreo, per_personamodifico, per_fechacreo, per_fechamodifico, per_genero, per_tipoidentificacion, per_identificacion, per_estado) VALUES (183, 'JOSE ANTONIO', 'DIAZ', 'PEREZ', 1, 1, NOW(), NOW(), '1', 1, '19323112', '1');

INSERT INTO principal.datos_basicos( dba_codigo, dba_persona, dba_correo, dba_estado, dba_fechacreo, dba_fechamodifico, dba_personacreo, dba_personamodifico) VALUES (366, 183, 'lipacortes@hotmail.com', 1, NOW(), NOW(), 1, 1);

INSERT INTO principal.persona_tipopersona( ptp_codigo, ptp_tipopersona, ptp_persona, ptp_estado, ptp_fechacreo, ptp_fechamodifico, ptp_personacreo, ptp_personamodifico) VALUES (549, 4, 183, 1, NOW(), NOW(), 1, 1);

INSERT INTO principal.usepersona( use_codigo, per_codigo, use_pswd, use_estado, use_fechacreo, use_alias) VALUES (732, 183, '', '1', NOW(), '19323112');

INSERT INTO principal.persona( per_codigo, per_nombre, per_primerapellido, per_segundoapellido, per_personacreo, per_personamodifico, per_fechacreo, per_fechamodifico, per_genero, per_tipoidentificacion, per_identificacion, per_estado) VALUES (184, 'EDGAR ', 'QUESADA', 'MONCALEANO', 1, 1, NOW(), NOW(), '1', 1, '94503353', '1');

INSERT INTO principal.datos_basicos( dba_codigo, dba_persona, dba_correo, dba_estado, dba_fechacreo, dba_fechamodifico, dba_personacreo, dba_personamodifico) VALUES (368, 184, 'davidq770428@gmail.com', 1, NOW(), NOW(), 1, 1);

INSERT INTO principal.persona_tipopersona( ptp_codigo, ptp_tipopersona, ptp_persona, ptp_estado, ptp_fechacreo, ptp_fechamodifico, ptp_personacreo, ptp_personamodifico) VALUES (552, 4, 184, 1, NOW(), NOW(), 1, 1);

INSERT INTO principal.usepersona( use_codigo, per_codigo, use_pswd, use_estado, use_fechacreo, use_alias) VALUES (736, 184, '', '1', NOW(), '94503353');

INSERT INTO principal.persona( per_codigo, per_nombre, per_primerapellido, per_segundoapellido, per_personacreo, per_personamodifico, per_fechacreo, per_fechamodifico, per_genero, per_tipoidentificacion, per_identificacion, per_estado) VALUES (185, 'SERGIO ANDRÉS', 'GONZALEZ', 'CASTRO', 1, 1, NOW(), NOW(), '1', 1, '1075238324', '1');

INSERT INTO principal.datos_basicos( dba_codigo, dba_persona, dba_correo, dba_estado, dba_fechacreo, dba_fechamodifico, dba_personacreo, dba_personamodifico) VALUES (370, 185, 'sergioan-01@hotmail.com', 1, NOW(), NOW(), 1, 1);

INSERT INTO principal.persona_tipopersona( ptp_codigo, ptp_tipopersona, ptp_persona, ptp_estado, ptp_fechacreo, ptp_fechamodifico, ptp_personacreo, ptp_personamodifico) VALUES (555, 4, 185, 1, NOW(), NOW(), 1, 1);

INSERT INTO principal.usepersona( use_codigo, per_codigo, use_pswd, use_estado, use_fechacreo, use_alias) VALUES (740, 185, '', '1', NOW(), '1075238324');

INSERT INTO principal.persona( per_codigo, per_nombre, per_primerapellido, per_segundoapellido, per_personacreo, per_personamodifico, per_fechacreo, per_fechamodifico, per_genero, per_tipoidentificacion, per_identificacion, per_estado) VALUES (186, 'IVAN DARIO', 'QUEZADA', 'GUTIERREZ', 1, 1, NOW(), NOW(), '1', 1, '7729073', '1');

INSERT INTO principal.datos_basicos( dba_codigo, dba_persona, dba_correo, dba_estado, dba_fechacreo, dba_fechamodifico, dba_personacreo, dba_personamodifico) VALUES (372, 186, 'idqg03@hotmail.com', 1, NOW(), NOW(), 1, 1);

INSERT INTO principal.persona_tipopersona( ptp_codigo, ptp_tipopersona, ptp_persona, ptp_estado, ptp_fechacreo, ptp_fechamodifico, ptp_personacreo, ptp_personamodifico) VALUES (558, 4, 186, 1, NOW(), NOW(), 1, 1);

INSERT INTO principal.usepersona( use_codigo, per_codigo, use_pswd, use_estado, use_fechacreo, use_alias) VALUES (744, 186, '', '1', NOW(), '7729073');

INSERT INTO principal.persona( per_codigo, per_nombre, per_primerapellido, per_segundoapellido, per_personacreo, per_personamodifico, per_fechacreo, per_fechamodifico, per_genero, per_tipoidentificacion, per_identificacion, per_estado) VALUES (187, 'JUAN CARLOS ', 'RODGERS', 'CAMPO', 1, 1, NOW(), NOW(), '1', 1, '79635528', '1');

INSERT INTO principal.datos_basicos( dba_codigo, dba_persona, dba_correo, dba_estado, dba_fechacreo, dba_fechamodifico, dba_personacreo, dba_personamodifico) VALUES (374, 187, 'juan.rodgers@hotmail.com', 1, NOW(), NOW(), 1, 1);

INSERT INTO principal.persona_tipopersona( ptp_codigo, ptp_tipopersona, ptp_persona, ptp_estado, ptp_fechacreo, ptp_fechamodifico, ptp_personacreo, ptp_personamodifico) VALUES (561, 4, 187, 1, NOW(), NOW(), 1, 1);

INSERT INTO principal.usepersona( use_codigo, per_codigo, use_pswd, use_estado, use_fechacreo, use_alias) VALUES (748, 187, '', '1', NOW(), '79635528');

INSERT INTO principal.persona( per_codigo, per_nombre, per_primerapellido, per_segundoapellido, per_personacreo, per_personamodifico, per_fechacreo, per_fechamodifico, per_genero, per_tipoidentificacion, per_identificacion, per_estado) VALUES (188, 'CRISTIAN ALBEIRO ', 'VARGAS', 'GARZON', 1, 1, NOW(), NOW(), '1', 1, '1075252649', '1');

INSERT INTO principal.datos_basicos( dba_codigo, dba_persona, dba_correo, dba_estado, dba_fechacreo, dba_fechamodifico, dba_personacreo, dba_personamodifico) VALUES (376, 188, '', 1, NOW(), NOW(), 1, 1);

INSERT INTO principal.persona_tipopersona( ptp_codigo, ptp_tipopersona, ptp_persona, ptp_estado, ptp_fechacreo, ptp_fechamodifico, ptp_personacreo, ptp_personamodifico) VALUES (564, 4, 188, 1, NOW(), NOW(), 1, 1);

INSERT INTO principal.usepersona( use_codigo, per_codigo, use_pswd, use_estado, use_fechacreo, use_alias) VALUES (752, 188, '', '1', NOW(), '1075252649');

INSERT INTO principal.persona( per_codigo, per_nombre, per_primerapellido, per_segundoapellido, per_personacreo, per_personamodifico, per_fechacreo, per_fechamodifico, per_genero, per_tipoidentificacion, per_identificacion, per_estado) VALUES (189, 'JAIR ', 'HERNANDEZ', 'ALARCON', 1, 1, NOW(), NOW(), '1', 1, '7689536', '1');

INSERT INTO principal.datos_basicos( dba_codigo, dba_persona, dba_correo, dba_estado, dba_fechacreo, dba_fechamodifico, dba_personacreo, dba_personamodifico) VALUES (378, 189, '', 1, NOW(), NOW(), 1, 1);

INSERT INTO principal.persona_tipopersona( ptp_codigo, ptp_tipopersona, ptp_persona, ptp_estado, ptp_fechacreo, ptp_fechamodifico, ptp_personacreo, ptp_personamodifico) VALUES (567, 4, 189, 1, NOW(), NOW(), 1, 1);

INSERT INTO principal.usepersona( use_codigo, per_codigo, use_pswd, use_estado, use_fechacreo, use_alias) VALUES (756, 189, '', '1', NOW(), '7689536');

INSERT INTO principal.persona( per_codigo, per_nombre, per_primerapellido, per_segundoapellido, per_personacreo, per_personamodifico, per_fechacreo, per_fechamodifico, per_genero, per_tipoidentificacion, per_identificacion, per_estado) VALUES (190, 'FABIO', 'GUTIERREZ', 'LOZADA', 1, 1, NOW(), NOW(), '1', 1, '7691792', '1');

INSERT INTO principal.datos_basicos( dba_codigo, dba_persona, dba_correo, dba_estado, dba_fechacreo, dba_fechamodifico, dba_personacreo, dba_personamodifico) VALUES (380, 190, 'faguti2012Qgmail.com', 1, NOW(), NOW(), 1, 1);

INSERT INTO principal.persona_tipopersona( ptp_codigo, ptp_tipopersona, ptp_persona, ptp_estado, ptp_fechacreo, ptp_fechamodifico, ptp_personacreo, ptp_personamodifico) VALUES (570, 4, 190, 1, NOW(), NOW(), 1, 1);

INSERT INTO principal.usepersona( use_codigo, per_codigo, use_pswd, use_estado, use_fechacreo, use_alias) VALUES (760, 190, '', '1', NOW(), '7691792');

INSERT INTO principal.persona( per_codigo, per_nombre, per_primerapellido, per_segundoapellido, per_personacreo, per_personamodifico, per_fechacreo, per_fechamodifico, per_genero, per_tipoidentificacion, per_identificacion, per_estado) VALUES (191, 'DANIEL FELIPE', 'GONZALEZ', 'RIVERA', 1, 1, NOW(), NOW(), '1', 1, '1075298053', '1');

INSERT INTO principal.datos_basicos( dba_codigo, dba_persona, dba_correo, dba_estado, dba_fechacreo, dba_fechamodifico, dba_personacreo, dba_personamodifico) VALUES (382, 191, 'danielf.gonzalez96@gmail.com', 1, NOW(), NOW(), 1, 1);

INSERT INTO principal.persona_tipopersona( ptp_codigo, ptp_tipopersona, ptp_persona, ptp_estado, ptp_fechacreo, ptp_fechamodifico, ptp_personacreo, ptp_personamodifico) VALUES (573, 4, 191, 1, NOW(), NOW(), 1, 1);

INSERT INTO principal.usepersona( use_codigo, per_codigo, use_pswd, use_estado, use_fechacreo, use_alias) VALUES (764, 191, '', '1', NOW(), '1075298053');

INSERT INTO principal.persona( per_codigo, per_nombre, per_primerapellido, per_segundoapellido, per_personacreo, per_personamodifico, per_fechacreo, per_fechamodifico, per_genero, per_tipoidentificacion, per_identificacion, per_estado) VALUES (192, 'LUIS FELIPE', 'URIBE', 'LÓPEZ', 1, 1, NOW(), NOW(), '1', 1, '76324760', '1');

INSERT INTO principal.datos_basicos( dba_codigo, dba_persona, dba_correo, dba_estado, dba_fechacreo, dba_fechamodifico, dba_personacreo, dba_personamodifico) VALUES (384, 192, 'felipeuribe2002@yahoo.es', 1, NOW(), NOW(), 1, 1);

INSERT INTO principal.persona_tipopersona( ptp_codigo, ptp_tipopersona, ptp_persona, ptp_estado, ptp_fechacreo, ptp_fechamodifico, ptp_personacreo, ptp_personamodifico) VALUES (576, 4, 192, 1, NOW(), NOW(), 1, 1);

INSERT INTO principal.usepersona( use_codigo, per_codigo, use_pswd, use_estado, use_fechacreo, use_alias) VALUES (768, 192, '', '1', NOW(), '76324760');
